{
  "name": "2013 Ford 1.6L EcoBoost Engine Tier 2 Fuel",
  "fuel_map_speed_radps": [
    0.0,
    52.41223743738973,
    104.82447487477945,
    120.53243814272838,
    136.24040141067735,
    157.1574757716522,
    183.36167322064625,
    209.54028521143078,
    235.72391616090977,
    261.8067727818801,
    287.98275148886364,
    314.1724477281532,
    340.4431525995212,
    366.52630842757856,
    392.69908169872417,
    418.8915868492534,
    471.33535044450014,
    523.5987755982989,
    590.0958200992828,
    656.5928646002668
  ],
  "fuel_map_torque_Nm": [
    -18.501,
    -14.7034375,
    -6.607777777777779,
    3.798333333333334,
    20.354838709677416,
    34.722857142857144,
    44.09909090909091,
    57.95166666666667,
    66.47,
    71.5675,
    87.10518518518518,
    100.58272727272728,
    108.45083333333334,
    116.63499999999999,
    129.06725,
    141.1792857142857,
    155.5958333333333,
    166.654,
    181.9925,
    197.05437096774193,
    207.45833333333331,
    216.8582121383674,
    225.85797565122704,
    234.85773916408664,
    243.29553398058243,
    252.89776699029122,
    262.5
  ],
  "fuel_map_gps": [
    [
      0.01165120343774852,
      0.0834999331139907,
      0.160658955782352,
      0.1829342209605097,
      0.20540852587193645,
      0.23681408207393012,
      0.28075907480482337,
      0.32676695707022174,
      0.3661527440336537,
      0.39943580842379167,
      0.43570124588537545,
      0.47883078130355794,
      0.5277093670492478,
      0.5662288000921827,
      0.5985930888743705,
      0.6289345679816618,
      0.6647394195258629,
      0.6366200111454582,
      0.6904996673504602,
      0.7937206748651315
    ],
    [
      0.013792681229584505,
      0.08349978255073613,
      0.1567982289325355,
      0.17770847389825706,
      0.1985223902542187,
      0.2277197072757505,
      0.2697177073119862,
      0.3142713899761804,
      0.35258973719585907,
      0.3842484566525758,
      0.41663982477917016,
      0.4600024534062558,
      0.5170464794965122,
      0.5574167956145115,
      0.5884476424743897,
      0.6186291012976883,
      0.67255480859222,
      0.7172675521890882,
      0.8178470675262728,
      0.9405814762274691
    ],
    [
      0.018262352247307764,
      0.08381127488982838,
      0.14750492405165022,
      0.16603726743877795,
      0.18454010618918282,
      0.21000333319841238,
      0.24822753817495577,
      0.28948664717229633,
      0.32707193184102196,
      0.35878075577747554,
      0.38327559972915765,
      0.4238232869879702,
      0.4887315389494536,
      0.5384809332841428,
      0.5690574905548508,
      0.5960123632851053,
      0.6867088719359399,
      0.8917807901792517,
      1.0892312914748432,
      1.253317340117646
    ],
    [
      0.02264837789517813,
      0.08910311294945704,
      0.14473813091135845,
      0.16648990940323716,
      0.18809337799122144,
      0.21694910972033493,
      0.2587223066320761,
      0.3064243436640194,
      0.35132620287346916,
      0.39799620013098563,
      0.43552998415158456,
      0.477208888496897,
      0.5304010998844987,
      0.5787429243001168,
      0.6308864524786582,
      0.689530925780864,
      0.8388698499328875,
      1.14714056593013,
      1.4366539553540223,
      1.650948135675432
    ],
    [
      0.021382479249115044,
      0.13143870057312054,
      0.24145872577534827,
      0.27655091017116035,
      0.3094233111468585,
      0.3507305658143301,
      0.40817572021825116,
      0.47462807596842654,
      0.5412326605635626,
      0.6063500873291875,
      0.6763593750990032,
      0.7499973482380862,
      0.8267202450935097,
      0.9047082203151959,
      0.9944786461215046,
      1.0876525840232032,
      1.2883144631212438,
      1.6686060464860328,
      1.9823691006605508,
      2.2612420818190415
    ],
    [
      0.014423877591156847,
      0.18034963396913584,
      0.34478596303591114,
      0.3845597031981115,
      0.4246512775819621,
      0.48253356391095886,
      0.5647199700610036,
      0.6532483928691984,
      0.7419752554326474,
      0.8319502262131274,
      0.9252517290623155,
      1.023365548892997,
      1.1247220848899047,
      1.2276264776126034,
      1.3353776597869695,
      1.4521721928804132,
      1.7141648855243377,
      2.0555224219176473,
      2.4359200299625554,
      2.7788216050751875
    ],
    [
      0.008825489325581823,
      0.20280309069054275,
      0.389656178562745,
      0.44195611063932716,
      0.4956784692966041,
      0.5711749318434176,
      0.6716700963663634,
      0.7724966245375183,
      0.874632550872343,
      0.9812833632032285,
      1.0909780361698909,
      1.2043848866778775,
      1.3206654794111758,
      1.440171690698162,
      1.5645155624323148,
      1.7008130529026915,
      1.9943203787525445,
      2.326743309120799,
      2.7375968576736747,
      3.1206775510286855
    ],
    [
      0.000595717452618315,
      0.23045758404522182,
      0.4578884397644809,
      0.530944719582458,
      0.6046656582229175,
      0.7036239653125652,
      0.8279140519225355,
      0.9513451902491104,
      1.0750599083163228,
      1.202454242885649,
      1.3332999426525747,
      1.4670222183930068,
      1.6079524197241564,
      1.7575328343046863,
      1.9178452384571616,
      2.0825865046150107,
      2.413189282101804,
      2.7580415698851724,
      3.2029038749974084,
      3.643781806512073
    ],
    [
      0.0,
      0.2546034232892867,
      0.5133430667840876,
      0.5940495982999034,
      0.6754808504763552,
      0.7852636887475843,
      0.9211302671304609,
      1.0576096851763783,
      1.1955354374701246,
      1.335771206093458,
      1.4782365250252083,
      1.6250798025207775,
      1.7828448571301658,
      1.9522955997359797,
      2.130613290216902,
      2.312601463681449,
      2.6740036072243423,
      3.0337043125999537,
      3.5061384527120465,
      3.9886846399937
    ],
    [
      0.0,
      0.2705878273304045,
      0.5486260017749944,
      0.6321532764554019,
      0.7169717103014216,
      0.8321183438380484,
      0.9760556167103207,
      1.120613698135509,
      1.2673875098852838,
      1.4157906533003768,
      1.5656184187889592,
      1.7193644038363622,
      1.8879730472872018,
      2.067256608513804,
      2.2544101170701625,
      2.443930227772278,
      2.8279918005576468,
      3.1997832340555044,
      3.69199700552227,
      4.202045021971759
    ],
    [
      0.008395173398643358,
      0.3271334576239352,
      0.652357521394862,
      0.7471755985517036,
      0.8429231370812889,
      0.9733275766252163,
      1.1388778572437268,
      1.3078266574716029,
      1.481565515101301,
      1.6588894281848179,
      1.835123403458123,
      2.0150318676802184,
      2.2057763839741273,
      2.4007735461510693,
      2.6033883444210186,
      2.8185905454140023,
      3.277119877294323,
      3.7106077362396266,
      4.291938460512005,
      4.908213175476824
    ],
    [
      0.03835454791536215,
      0.3819467373104132,
      0.7318504836794885,
      0.839465756086563,
      0.9480718078557732,
      1.0942666207316378,
      1.2802757177794253,
      1.4694817761167795,
      1.6613739990280603,
      1.8574978488940888,
      2.057513674031838,
      2.261257226168777,
      2.469189779131847,
      2.686889124583122,
      2.9113866798365264,
      3.1464118822887683,
      3.6433841888425427,
      4.163129254691348,
      4.886698686972088,
      5.648378434449726
    ],
    [
      0.06254136270542907,
      0.42045180282007877,
      0.7861127097046038,
      0.8993507724440863,
      1.0134027328679551,
      1.1669173251664895,
      1.3626075966121005,
      1.5616148072406202,
      1.7651441256228921,
      1.9734341375873692,
      2.1840641266741088,
      2.3989282748268206,
      2.6226372544114716,
      2.8495174286143627,
      3.0851939113478077,
      3.330676813826126,
      3.8523416979193956,
      4.439288295877306,
