{
  "name": "2014 Mazda 2.0L SKYACTIV Engine Tier 2 Fuel",
  "full_throttle_speed_radps": [
    0,
    105.9948721378815,
    125.94599417913167,
    136.283065014615,
    157.03475278443838,
    177.96972782936007,
    199.0185520439503,
    209.47441682435942,
    230.36949862923555,
    251.3732271800483,
    282.83448379513,
    313.92800923309005,
    345.6753586171656,
    356.10551127040986,
    398.06127018523597,
    429.3659559556221,
    469.4465791527671,
    628.3185307179587,
    654.4984694978735,
    687.2233929727672,
    719.948316447661
  ],
  "full_throttle_torque_Nm": [
    0,
    138.68823529411765,
    150.11304347826086,
    153.02222222222224,
    164.06666666666663,
    167.81142857142856,
    183.3615384615385,
    187.87380952380948,
    188.46888888888887,
    182.60208333333335,
    188.2314814814815,
    201.8375,
    199.88985507246383,
    197.39857142857142,
    196.9294871794872,
    200.0976190476191,
    195.30512820512823,
    184,
    160,
    129.99999999999994,
    0
  ],
  "closed_throttle_speed_radps": [
    0,
    147.2778636002895,
    303.322211801642,
    314.23859850679725,
    324.8975753662496,
    408.54256464976913,
    429.35598264561077,
    468.50745775909786,
    719.948316447661
  ],
  "closed_throttle_torque_Nm": [
    -13.9116713923237,
    -20.676,
    -24.838532110091748,
    -27.460606060606057,
    -26.16771653543307,
    -30.094117647058816,
    -33.398214285714275,
    -35.429761904761925,
    -46.97819526730561
  ],
  "fuel_map_speed_radps": [
    0,
    38.79869654347617,
    77.59739308695234,
    88.7190158734004,
    103.3826909596654,
    130.85139032863947,
    156.82709975754761,
    171.82443421948972,
    182.93122862085298,
    195.7338151833565,
    209.26298641498903,
    261.3588891948268,
    313.6978591092578,
    365.9757297460078,
    418.2958108958279,
    470.61742432837593,
    523.2880387432524,
    575.9586531581288,
    647.9534848028949,
    719.948316447661
  ],
  "fuel_map_torque_Nm": [
    -49.32710503067089,
    -24.404157641970063,
    0.5187897467307692,
    9.924572543666667,
    19.918934366538465,
    29.8580145125,
    39.992345264166666,
    49.570584341875005,
    59.93694394090909,
    69.93120503700001,
    80.01910405277778,
    89.97992492374999,
    99.96733316045453,
    110.094028,
    119.92414973999999,
    129.7624980625,
    139.52912722857144,
    150.2265226375,
    160.09362187291669,
    169.96072110833333,
    181.6741517,
    188.9118339,
    196.1495161,
    204.03944555,
    211.92937500000002
  ],
  "fuel_map_gps": [
    [
      0,
      0,
      0,
      0,
      0,
      0,
      0,
      0,
      0,
      0,
      0,
      0,
      0,
      0,
      0,
      0,
      0,
      0,
      0,
      0
    ],
    [
      0,
      0.013646820760799268,
      0.029449725355824467,
      0.033878031798889784,
      0.03968862987339167,
      0.05055801149797607,
      0.06133024006252914,
      0.06792809107780538,
      0.07295658014260925,
      0.07890334643071417,
      0.08537990108300048,
      0.11467588775956643,
      0.15455197533435822,
      0.20062034003246798,
      0.2539911792157273,
      0.31293355033749365,
      0.3821037239181123,
      0.45826603920674386,
      0.5688934979364733,
      0.6794572342062145
    ],
    [
      0.030446215182980237,
      0.07408069533182908,
      0.12030232527868621,
      0.1330069769077504,
      0.1502547300884296,
      0.18464394826789232,
      0.21921011417657998,
      0.24053539321061457,
      0.25683345809479424,
      0.27617290618135765,
      0.2970068737727553,
      0.3774894906541182,
      0.48336169548222707,
      0.5793195213990773,
      0.7182402807568002,
      0.8515603647906458,
      1.0172372589682868,
      1.1854711511204747,
      1.4009079182671804,
      1.604093609417457
    ],
    [
      0.049040617110003154,
      0.09624817335462961,
      0.14510994426013699,
      0.1612769803132482,
      0.18447204419991167,
      0.2336620607070961,
      0.28325029435973875,
      0.3121200303805394,
      0.33320222104321134,
      0.3569701620191189,
      0.3817518771728179,
      0.48310366528917886,
      0.5997496977092458,
      0.7250622184123376,
      0.8848857258627959,
      1.0668826252640502,
      1.2627431481181823,
      1.4631057411110935,
      1.7094369437333063,
      1.9462027796149721
    ],
    [
      0.06873773353672542,
      0.1299908682790527,
      0.19162134647659676,
      0.2113277187608331,
      0.23865476988519768,
      0.29635469335425063,
      0.35490116678265743,
      0.39150077729754523,
      0.41901823673011107,
      0.4508684157643304,
      0.48437474579557255,
      0.5978902483044533,
      0.7329741168826622,
      0.8878035629180759,
      1.0767693785625132,
      1.2960296882478612,
      1.520060143047845,
      1.7553783971590484,
      2.0342016980292685,
      2.308072151535269
    ],
    [
      0.08389739981455431,
      0.16798873190944932,
      0.24692392040596572,
      0.2667757339570028,
      0.2945210226228492,
      0.3580991598059404,
      0.4301226274977474,
      0.4724705414226974,
      0.5038086015583161,
      0.5397101701422445,
      0.5774399128738703,
      0.7174083990021987,
      0.8775746895706508,
      1.0742075119993317,
      1.3019366433969255,
      1.5195022751881506,
      1.769823347857507,
      2.029491156089768,
      2.354370591844899,
      2.6679294622429266
    ],
    [
      0.08982264488247493,
      0.1864236867368993,
      0.2798454094368467,
      0.30728664248035564,
      0.34412908322788066,
      0.42520140715137333,
      0.5029168515453222,
      0.5502184061223901,
      0.5859187232774732,
      0.6277664741641451,
      0.6723224888118412,
      0.8435133567692261,
      1.0339754941017003,
      1.2705818044652688,
      1.5502703938158753,
      1.753155891477373,
      2.0307851078589025,
      2.3139508688680115,
      2.6832801617954725,
      3.037128174038057
    ],
    [
      0.0880363000073582,
      0.20168676311808612,
      0.3158254255339894,
      0.34873719602170633,
      0.39216020307601107,
      0.47852413553470774,
      0.5737395039182668,
      0.6296085976452536,
      0.670959240353136,
      0.7183877667209957,
      0.7686922432404489,
      0.9707857962710739,
      1.1945501572062265,
      1.456050701333226,
      1.7580115971031496,
      2.0089108077411506,
      2.2958716907932666,
      2.5970186935403894,
      3.0030301584127814,
      3.3913542561930834
    ],
    [
      0.0830950801543877,
      0.21861710481516367,
      0.3555869241043576,
      0.3951647361418807,
      0.44746277818623037,
      0.5491015573850265,
      0.6597421586033164,
      0.7204143571147207,
      0.7644296018808027,
      0.8143153631478487,
      0.8671615988541685,
      1.1155088903782997,
      1.3712712270319352,
      1.6462721568008087,
      1.9892629511175663,
      2.2819745131946716,
      2.5975150800159867,
      2.923229870131781,
      3.3651655429044793,
      3.785515911825215
    ],
    [
      0.08030053392213918,
      0.23754398333325252,
      0.3958543327585134,
      0.44149943939022546,
      0.5017572696498513,
      0.6147336203441982,
      0.7383932723243423,
      0.8112286093610672,
      0.8649801987329439,
      0.926309765122853,
      0.9911472612744464,
      1.2531856913417954,
      1.5379928719633513,
      1.8445777433647694,
      2.1899190193909677,
      2.5367109299649897,
      2.895688615062238,
      3.256682837008522,
      3.7341607525703453,
      4.183678501352539
    ],
    [
      0.08235168395857101,
      0.26157115356614447,
      0.44049234725792624,
      0.4919130442604067,
      0.559868267561766,
      0.6893713384091291,
      0.823667991092601,
      0.9041071679437961,
      0.9644032898372582,
      1.0345989767134287,
      1.1090934160643076,
      1.39612514531017,
      1.7058034452735336,
      2.0412593637947465,
      2.396126049126209,
