{
  "name": "2014 Chevrolet 4.3L EcoTec3 LV3 Engine Tier 2 Fuel",
  "fuel_map_speed_radps": [
    0.0,
    30.768908048908607,
    61.53781609781721,
    83.7758040957278,
    104.06839824281546,
    115.75157855322699,
    131.1154165951212,
    144.93214108560912,
    157.01231283691277,
    182.51017071182952,
    209.4264202699296,
    261.7809078423636,
    314.10690548141946,
    366.41442316368955,
    418.7817807060279,
    471.23889803846896,
    523.5987755982989,
    578.5766470361202,
    633.5545184739417
  ],
  "fuel_map_torque_Nm": [
    -85.15500000000003,
    -64.60250000000002,
    -44.05,
    -27.07125,
    -10.369034090909091,
    6.333181818181818,
    19.656666666666666,
    32.707884615384614,
    51.486666666666665,
    58.2,
    63.19,
    71.52821428571428,
    86.92583333333334,
    99.7,
    105.44,
    117.289,
    131.7,
    142.77875,
    166.375,
    187.6809375,
    208.986875,
    228.1,
    247.9507142857143,
    267.8014285714286,
    286.64,
    298.6,
    318.4555555555555,
    341.3357142857143,
    361.95,
    398.07535725,
    434.20071450000006
  ],
  "fuel_map_gps": [
    [
      0.16455690592263483,
      0.12751418942500417,
      0.08803302789590413,
      0.054878617092249005,
      0.01995479569507449,
      0.0,
      0.0,
      0.0,
      0.0,
      0.0,
      0.0,
      0.0,
      0.0,
      0.0,
      0.0,
      0.0,
      0.0,
      0.0,
      0.0
    ],
    [
      0.13441924068900232,
      0.11941847387338005,
      0.10752626260706893,
      0.1029617781350953,
      0.10094562434251282,
      0.09947802137562527,
      0.0961110476104124,
      0.08956705792623931,
      0.08038667744841275,
      0.04413718198492399,
      0.0,
      0.0,
      0.0,
      0.07027558909164028,
      0.21115898628161617,
      0.30693976600037454,
      0.3439195226442115,
      0.3484890103077566,
      0.3421947354874562
    ],
    [
      0.11046448643807819,
      0.12080086293965428,
      0.1331402817203422,
      0.1477951740510289,
      0.17001483181510785,
      0.18910975470153663,
      0.21623438060495773,
      0.23718699111198374,
      0.2502147486084593,
      0.23635936748217426,
      0.19513639514341682,
      0.17463067075855365,
      0.36226934894797647,
      0.5507595995196223,
      0.7624849157065143,
      0.8723062442587108,
      0.9279747021698604,
      0.9791051830472739,
      1.0338340203886327
    ],
    [
      0.0937631149217112,
      0.13272969964108328,
      0.17210616133333656,
      0.20466638098475545,
      0.23941618283970953,
      0.261541608684731,
      0.291106050546245,
      0.315690432664939,
      0.3346319008209782,
      0.3617590122559296,
      0.3773880757118068,
      0.4406219513509497,
      0.6575049071802448,
      0.9251167311030373,
      1.2018104205876616,
      1.3120681712340332,
      1.3986890732234871,
      1.5029581434724397,
      1.6168297016660127
    ],
    [
      0.0767250338727244,
      0.14814934653695816,
      0.2158862485969627,
      0.26093477846461044,
      0.3029044620651676,
      0.3282065211617587,
      0.36266777462673894,
      0.3946108046158034,
      0.4228922357735908,
      0.48320306745200864,
      0.5469416998820174,
      0.6894015851921631,
      0.936942145467688,
      1.260700765754733,
      1.5860268415317247,
      1.7114298348450148,
      1.8541806301106025,
      2.0239810501441977,
      2.203545421923881
    ],
    [
      0.05567864397575861,
      0.15493927985176031,
      0.251886719291293,
      0.3078273287919191,
      0.3608666538824828,
      0.3934795898643926,
      0.43875690117098054,
      0.4823044341450153,
      0.5222822181850884,
      0.6140602997542238,
      0.7181697483285896,
      0.9148175097706276,
      1.1959557148903812,
      1.5673500274727232,
      1.8471506482860374,
      2.080991520588893,
      2.309111361835366,
      2.554481481515701,
      2.8060972807896385
    ],
    [
      0.03673720451303599,
      0.14683341087197016,
      0.25467131844028196,
      0.3337831962670569,
      0.4097853558082601,
      0.45305814232956854,
      0.5093945795545691,
      0.5611872756184639,
      0.6086239837638934,
      0.72493484359971,
      0.8621169915174796,
      1.081341289493502,
      1.3871719960484457,
      1.8060729911663982,
      2.0446123091727393,
      2.3768418630698034,
      2.6769015925560025,
      2.9861717859175543,
      3.2981094970404294
    ],
    [
      0.01780966192369071,
      0.1403461295636237,
      0.2613237010452054,
      0.35790574098662775,
      0.4674495740578981,
      0.5244917879294904,
      0.5937491408826051,
      0.650329770979588,
      0.7012060789932711,
      0.8388070237327191,
      1.0009912696731278,
      1.2400440599772569,
      1.5711636017394095,
      2.0314392102556362,
      2.3036734688759415,
      2.6812049073412654,
      3.044573415881764,
      3.417183352141244,
      3.7890749584036563
    ],
    [
      0.0,
      0.15258147760141724,
      0.3139359574198168,
      0.43958976128851956,
      0.5669105627457021,
      0.6363429127370023,
      0.7255299796019179,
      0.804575920885863,
      0.8737571839198763,
      1.022706269967806,
      1.1822496901023791,
      1.4857799450766207,
      1.8798445823584715,
      2.393234025879728,
      2.747374094711007,
      3.162081837095379,
      3.598705886833899,
      4.058915954687032,
      4.515025086161186
    ],
    [
      0.0,
      0.16214159546846477,
      0.33901708406682857,
      0.47293972431868436,
      0.6003462143617607,
      0.6738931170528665,
      0.7707534800109149,
      0.857964771365247,
      0.9337866316132654,
      1.088930819559358,
      1.2508794413568272,
      1.5861221563361452,
      1.995582251673141,
      2.540479201952215,
      2.914547741298608,
      3.3436738652870983,
      3.805670336107775,
      4.29499183984181,
      4.77925964067995
    ],
    [
      0.0,
      0.16990095980233583,
      0.3581383545658567,
      0.4977670473333476,
      0.6255131295084153,
      0.7017194986698518,
      0.8038568878276625,
      0.8970443428243149,
      0.9780148611533429,
      1.137998035845372,
      1.3026324121540644,
      1.663522900991045,
      2.0822214455665384,
      2.652280158248278,
      3.0399709076382457,
      3.480126908811272,
      3.9610377388043148,
      4.471589469357244,
      4.976421996609543
    ],
    [
      0.0,
      0.1839141278229161,
      0.3903326657893919,
      0.5391202213972686,
      0.6687361255415328,
      0.7485075147453377,
      0.8581147900092577,
      0.9607321355603003,
      1.0498005499096608,
      1.2193820951771408,
      1.391121305529099,
      1.8002774586813153,
      2.229102700236766,
      2.8418019265151915,
      3.250319550927935,
      3.7113010103487896,
      4.224134019239708,
      4.769206733098262,
      5.307563900144873
    ],
    [
      0.0,
      0.2124078294167987,
      0.44624831561685463,
      0.6093879716378814,
      0.7519601056886677,
      0.8393169973094812,
      0.9586952868663794,
      1.072708070950687,
      1.1721808680183887,
      1.366172600006151,
      1.5673063753879846,
      2.1058585191835664,
      2.533501879436465,
      3.1753715519497705,
      3.6336021710041995,
      4.15717279973567,
      4.731106649800992,
      5.3340425100863165,
      5.929520533502882
    ],
    [
      0.0,
      0.23493110686897653,
      0.4903107239749429,
      0.6703587940904057,
      0.8336173590645665,
      0.9298795730312002,
      1.0590775362843503,
      1.177502161148851,
      1.2804922113553634,
      1.4919318816814744,
      1.7218909995579637,
      2.337706594745745,
      2.8032516369530915,
      3.4404781093259986,
      3.943833146065067,
      4.553386352467073,
      5.175675566643964,
      5.820336471043651,
      6.459351677373261
    ],
    [
      0.0,
      0.24477345730900238,
      0.5102731490291246,
      0.6987368628762599,
      0.8690384758060689,
