{
  "name": "2015 BMW 3.0L N57 Engine Diesel Fuel",
  "fuel_map_speed_radps": [
    0.0,
    37.227872945039046,
    74.45574589007809,
    104.7967808776416,
    130.90368259788528,
    157.0857645352307,
    183.26149195738026,
    209.43404210282645,
    235.6159586360165,
    261.79436508626463,
    287.981789078386,
    314.19149989412097,
    340.33783518037546,
    366.51842960448926,
    392.6980437008034,
    418.87972641777935,
    445.05785992365475,
    460.76955218915367,
    483.80292747141084,
    506.836302753668
  ],
  "fuel_map_torque_Nm": [
    -68.16693545454547,
    -32.50846772727273,
    3.15,
    30.682870583333333,
    54.48890603333333,
    80.02764241666665,
    106.24930220000002,
    132.56692616666666,
    158.94145986666666,
    184.65891908333333,
    211.1330425333333,
    237.66751971428573,
    263.84184693333333,
    289.938249625,
    316.0595894666667,
    342.1890931,
    368.2277877142857,
    395.46424883333333,
    421.57924124999994,
    447.51940675000003,
    474.19751099999996,
    500.386333875,
    525.6972726111111,
    554.2189942499999,
    574.673316875,
    604.3265256000001
  ],
  "fuel_map_gps": [
    [
      0.06137226756868669,
      0.0,
      0.0,
      0.0,
      0.0,
      0.0,
      0.0,
      0.0,
      0.0,
      0.0,
      0.0,
      0.0,
      0.0,
      0.0,
      0.0,
      0.0,
      0.0,
      0.0,
      0.0,
      0.0
    ],
    [
      0.047583434568176104,
      0.05134123755372657,
      0.049455848130710564,
      0.034844913126411234,
      0.022869063118103616,
      0.01809729987589987,
      0.0298383946645724,
      0.0636039224937746,
      0.11559119533322226,
      0.17991953857768142,
      0.2529305484483704,
      0.33160709221924745,
      0.41374973079415495,
      0.49754631673698646,
      0.5796021479537012,
      0.6584589332715167,
      0.7319792741134301,
      0.7738039906631924,
      0.8327078703187962,
      0.890037901281018
    ],
    [
      0.03638505884676403,
      0.10528619078046612,
      0.17179954321750537,
      0.19912027547672217,
      0.23807235052768239,
      0.26904409880778807,
      0.32816743104705137,
      0.4107390475099521,
      0.5104410425781327,
      0.617556854347077,
      0.7306830341466924,
      0.8517792142887924,
      0.9837660956377142,
      1.1265535414205832,
      1.2725009298511936,
      1.41365704932934,
      1.544446780021094,
      1.6194723606695436,
      1.7264215290172982,
      1.8317031483286743
    ],
    [
      0.03286670685844059,
      0.14576471811524808,
      0.24645891172145554,
      0.314459617647479,
      0.40514712768440064,
      0.4700416822471215,
      0.5802121178767985,
      0.6909232149170719,
      0.819902876790949,
      0.9581280309538768,
      1.0960270393868896,
      1.2473871197030841,
      1.4180920260417276,
      1.6047149885591445,
      1.808071085489028,
      1.995943733894395,
      2.168404502628369,
      2.2699852079229252,
      2.4174595873275053,
      2.5648866778431367
    ],
    [
      0.03468970134971122,
      0.1859472829056575,
      0.3253976500924063,
      0.4335055009793587,
      0.5442397576479467,
      0.6662105708968238,
      0.8193144436473153,
      0.9455354911570703,
      1.0852015968230677,
      1.2523852395900577,
      1.4078285675717093,
      1.587211346949857,
      1.7938002381722646,
      2.011945924115471,
      2.270263241534919,
      2.4939502912415064,
      2.7024472359086245,
      2.830161604446898,
      3.016887536694416,
      3.2062503087791145
    ],
    [
      0.044751059749971865,
      0.23874793473869416,
      0.428734871495033,
      0.5874221350713389,
      0.7326907891046781,
      0.9070803746411217,
      1.0780260053252824,
      1.2289864815693898,
      1.3818437913644837,
      1.5539719634036278,
      1.7398780294935652,
      1.9559133070849757,
      2.1972589265867377,
      2.4591091958232436,
      2.746596590160946,
      3.0136882637312743,
      3.2707318733446713,
      3.4281343022383903,
      3.6647956742144085,
      3.905073961696116
    ],
    [
      0.07012189191338183,
      0.3069592391940998,
      0.5512402118265178,
      0.7557993596787139,
      0.9385125288406205,
      1.1420779059567974,
      1.357414611810983,
      1.5308244947907756,
      1.679192418166447,
      1.8707917652451007,
      2.084258747412815,
      2.344871240869912,
      2.623910689323929,
      2.918175384820433,
      3.246574484760569,
      3.5552942995767176,
      3.865579684999999,
      4.055074746002742,
      4.3456585932876335,
      4.63600874143871
    ],
    [
      0.11807148805627854,
      0.3907790165359069,
      0.6846949927286001,
      0.9401959578055543,
      1.156950423574705,
      1.3681695598353931,
      1.6544748370659883,
      1.859083628667148,
      2.003897364711117,
      2.206516244031162,
      2.4542028540113585,
      2.753255058270977,
      3.0701743494716887,
      3.401357006469851,
      3.7627786963382497,
      4.127316173032714,
      4.499791774424648,
      4.725412641547555,
      5.054643177413261,
      5.38060021531242
    ],
    [
      0.1945156626068384,
      0.4923220187422403,
      0.8207994997106084,
      1.123289227654264,
      1.3848387222510075,
      1.659267795117461,
      1.957471276065844,
      2.1607612287246556,
      2.3360750054371633,
      2.5609157942302625,
      2.8349681201038117,
      3.1828952609852776,
      3.5331592078677923,
      3.8924651631261002,
      4.302878328744817,
      4.722034129857256,
      5.153713682493492,
      5.416682238468422,
      5.778652222495236,
      6.135213467299511
    ],
    [
      0.2980727636548867,
      0.6131031903186285,
      0.9547119874633648,
      1.2854827045233408,
      1.5943692926096884,
      1.952365597780317,
      2.222282387126043,
      2.4344419229212932,
      2.6567016109892743,
      2.911962294665949,
      3.22718239006743,
      3.604705248508916,
      3.983070896425281,
      4.385508673559586,
      4.839273753565776,
      5.3205844860137,
      5.798412430037888,
      6.078369056875136,
      6.480745136660647,
      6.880198497957442
    ],
    [
      0.4315277941948334,
      0.7666086890732313,
      1.1063861154332562,
      1.4381282148438868,
      1.7888974736997472,
      2.156105834943436,
      2.4563011119534015,
      2.7215333470427288,
      2.9942276581834317,
      3.2742518581887943,
      3.627502927731843,
      4.0611247677576925,
      4.4548976448202335,
      4.89424037163448,
      5.397206201645567,
      5.941535585720568,
      6.461061837446391,
      6.758668515229447,
      7.208163955938334,
      7.663893960671166
    ],
    [
      0.5849992969507217,
      0.9533238132155541,
      1.2990764797546166,
      1.597050904419324,
      1.9781909738482566,
      2.385465172663761,
      2.70341449404063,
      3.0437026427245697,
      3.3284076084396723,
      3.6458928546391225,
      4.0429636473440995,
      4.5048380004095625,
      4.9445893681568,
      5.425395786372523,
      5.9628981559803265,
      6.540923194718257,
      7.106884211602252,
      7.447340673692472,
      7.957985084191749,
      8.478057685448066
    ],
    [
      0.7469306849093841,
      1.1596624615762325,
      1.550851134003238,
      1.8262604064620285,
      2.154256382597763,
      2.590881840911099,
      2.96790413463039,
      3.342808460971708,
      3.6541337127802653,
      4.000691437879453,
      4.439707373975695,
      4.968685383546814,
      5.425314688063345,
      5.950438028771425,
      6.519901382108879,
      7.1444262829955445,
      7.764272708611762,
      8.143501115039552,
      8.726080474966826,
      9.312835674231462
    ],
    [
      0.9141042294832351,
      1.3659357724364853,
      1.8328041846925809,
      2.1896004759213286,
      2.3360175195597996,
      2.787984345380935,
      3.214615228900879,
      3.6227385787092508,
      3.9764740664013334,
      4.361776092940526,
