{
  "name": "2015 Ford 2.7L EcoBoost V6 Engine Tier 2 Fuel",
  "fuel_map_speed_radps": [
    0.0,
    31.45955976719779,
    62.91911953439558,
    104.84192816729936,
    131.01649670336204,
    157.19416991165178,
    183.37045120011953,
    209.55470196995117,
    235.73648874554465,
    261.90718754706666,
    288.08404633418394,
    314.36576660448463,
    366.7542169524371,
    419.10518084046606,
    471.44509393129323,
    525.000915087518,
    575.6252113609376,
    618.9888312463928,
    662.352451131848
  ],
  "fuel_map_torque_Nm": [
    -30.114,
    -17.578823529411764,
    -0.59,
    25.218833333333336,
    55.53777777777778,
    80.15583333333333,
    104.375,
    117.65199999999999,
    144.49029411764707,
    178.61375,
    199.14357142857142,
    225.9,
    250.615,
    280.405,
    315.274296875,
    344.01165539148354,
    376.65134651107405,
    405.2566446039341,
    438.68760604056433,
    469.19035353535355,
    491.92833333333334,
    512.8908354166666,
    533.8533375
  ],
  "fuel_map_gps": [
    [
      0.19847310126637593,
      0.27397056250365287,
      0.34427081257484354,
      0.41521067769679654,
      0.44201580890487235,
      0.4644017403892243,
      0.4864394224711943,
      0.5078244129631998,
      0.530299858820329,
      0.5548243436576183,
      0.57806762636281,
      0.6073474251554996,
      0.7420317571106453,
      0.8914684256648454,
      1.0472079069665885,
      0.9559249954107193,
      0.8651483343066108,
      0.7908327534101991,
      0.7177277037624262
    ],
    [
      0.16821378208565327,
      0.2410488071961502,
      0.3127624355979381,
      0.3941011910992352,
      0.4194758416322837,
      0.44359697797520686,
      0.4684490275589613,
      0.4913854803058611,
      0.5182293354502078,
      0.5564879185882693,
      0.6016602364361892,
      0.6526024862980052,
      0.7972358514182779,
      0.9636299195267544,
      1.1407499854757785,
      1.2258728696240666,
      1.228388510088427,
      1.2121849480226272,
      1.191882365633703
    ],
    [
      0.12888769239924627,
      0.19712745625809092,
      0.26899017438473055,
      0.3601813972120278,
      0.39017085234843263,
      0.41836660692797584,
      0.44425160912248796,
      0.4722930528869919,
      0.5099689194661211,
      0.5724294972796797,
      0.6516642578638945,
      0.7486250679651432,
      0.9163173693654619,
      1.107582601759835,
      1.346713508299844,
      1.601000619538117,
      1.721269663632847,
      1.7831944530981294,
      1.8343916886562939
    ],
    [
      0.08337929778258694,
      0.14350461308769555,
      0.20423906105979997,
      0.31543992286606726,
      0.3748407651981701,
      0.44191983512343735,
      0.5150648230792828,
      0.6142969895289632,
      0.728855255023833,
      0.8444588820101867,
      0.9735697018196847,
      1.1156358677489637,
      1.3475215750173923,
      1.5811476671128712,
      1.9085784665903713,
      2.232247120705797,
      2.4801475500339754,
      2.653195470035574,
      2.8112445409978917
    ],
    [
      0.07027922204942488,
      0.1823994322710676,
      0.2971835927696476,
      0.4744758152351428,
      0.6048618991512077,
      0.724653871115902,
      0.8646047454890174,
      1.0085486664245342,
      1.1560415870966327,
      1.3010631419810943,
      1.455518580563767,
      1.6305606481463697,
      1.9620673271300015,
      2.3207711411461744,
      2.7156800917415036,
      3.0844118082005645,
      3.4255147786953115,
      3.70475804282536,
      3.976600207533582
    ],
    [
      0.09924343515127541,
      0.2683682806277746,
      0.43895402891095947,
      0.6311103812997122,
      0.8013314961205623,
      0.9661278202498487,
      1.1258621188770894,
      1.2792933466592096,
      1.4550805674860952,
      1.6431567676692485,
      1.8442081326666426,
      2.0645651056312286,
      2.4722876682443924,
      2.919050213594201,
      3.377352747720795,
      3.8242723116228436,
      4.246418793032276,
      4.607624683495044,
      4.9678488869424875
    ],
    [
      0.15709313101963518,
      0.3555479428921338,
      0.5526621121642719,
      0.8150443746644235,
      1.0047619254551436,
      1.194473295758883,
      1.3872900422051229,
      1.5803130928065805,
      1.7937182961863374,
      2.0248610020499482,
      2.2595034871969486,
      2.5004556709889956,
      2.9822027834064246,
      3.491865370312254,
      4.0349116912256635,
      4.577464042852754,
      5.096272484527501,
      5.5478285356469,
      6.00280122037013
    ],
    [
      0.196683976837482,
      0.409457313193091,
      0.6223294024085915,
      0.9154060701709945,
      1.1114775452067756,
      1.319102329154332,
      1.537832511145814,
      1.7525043350871772,
      1.9848202431829876,
      2.2347450141609877,
      2.486938431496514,
      2.742327552600962,
      3.2653767460800194,
      3.809107425005558,
      4.39731483839734,
      4.996864333205198,
      5.576189790726231,
      6.084090388281129,
      6.597566393735168
    ],
    [
      0.2942409849059808,
      0.5367520897601238,
      0.7809563137607284,
      1.1137806361922638,
      1.3295351687705885,
      1.5797957372446974,
      1.8358253256096426,
      2.0945243971104395,
      2.3660594936213695,
      2.6492235788110197,
      2.9361632610705812,
      3.2308531680549883,
      3.8440351050226513,
      4.474614823398738,
      5.138795337561697,
      5.859331176009389,
      6.580573364928015,
      7.221651652058664,
      7.872543281585924
    ],
    [
      0.4650129403946872,
      0.7474861715283352,
      1.033365991997268,
      1.432275606537317,
      1.7041008473442718,
      1.955042358035758,
      2.225977338292099,
      2.51367679030714,
      2.8186187518471875,
      3.138228220827629,
      3.472668697686353,
      3.8272641483440726,
      4.568460606864958,
      5.309646225205008,
      6.086221690031912,
      7.005134708339713,
      7.979670983317604,
      8.858939956047529,
      9.75319927646842
    ],
    [
      0.5812595473838683,
      0.8923486616621932,
      1.2063308590316524,
      1.637876614767619,
      1.9139770955021775,
      2.1797434075965723,
      2.458799812066101,
      2.7646120553730817,
      3.0980013979086216,
      3.4470690114380598,
      3.812571572140978,
      4.1929724423142405,
      4.990159339531631,
      5.762037889308057,
      6.635451087845959,
      7.726834536037312,
      8.9002815608541,
      9.956835048701217,
      11.028601788620307
    ],
    [
      0.7332965975030393,
      1.0888984682257663,
      1.441614569751687,
      1.9072132271285334,
      2.2118230656732454,
      2.462764897392594,
      2.7514728141138933,
      3.0928823174976494,
      3.471552715684614,
      3.8676759345834446,
      4.270445385897106,
      4.675057112844397,
      5.494390006356958,
      6.337001631729926,
      7.339133057024749,
      8.714480818413453,
      10.189586882674604,
      11.50515584224847,
      12.833157399665449
    ],
    [
      0.8474373167723911,
      1.2603687286460104,
      1.6686789152917954,
      2.1894930125937777,
      2.4903998412808246,
      2.766719136860188,
      3.076569508777676,
      3.4355548201187314,
      3.8390356611026886,
      4.269701795233024,
      4.7104439429027485,
      5.132388954652962,
      5.981560275416352,
      6.920685103603692,
      8.038138781035757,
      9.713807398740755,
      11.491199281657032,
      13.06304460177818,
      14.645626905588655
    ],
    [
      0.9269326034130996,
      1.4175312327448595,
      1.90640631240509,
      2.536096201263761,
      2.8800292241283447,
      3.1611690026166865,
      3.4668192172993804,
      3.8450089167161106,
      4.275009387958782,
      4.726927425110826,
      5.19674771661399,
      5.670103972571032,
      6.626641216176588,
      7.761552508029874,
      9.130230285788798,
      11.0605694077928,
      13.205292213189958,
      15.091838677543086,
