{
  "name": "2016 Honda 1.5L L15B7 Engine Tier 2 Fuel",
  "fuel_map_speed_radps": [
    0.0,
    39.616065138184624,
    79.23213027636925,
    105.56499314312563,
    131.00441365469436,
    145.3117501979179,
    157.23361751852565,
    167.84483860204938,
    183.43694188258033,
    209.4180455317035,
    235.76982189659736,
    261.75930773146854,
    313.94414767686396,
    335.8362546687489,
    366.5356556709169,
    418.81305632013954,
    471.23347076158126,
    523.5395807002187,
    575.9290557090887,
    628.3185307179587,
    659.7344572538566,
    691.1503837897545
  ],
  "fuel_map_torque_Nm": [
    -33.738728689344676,
    -18.950954545454543,
    -6.106,
    -2.109,
    4.619879310344827,
    10.916708333333332,
    17.973519999999997,
    31.025875,
    41.305571428571426,
    51.40445833333334,
    61.522999999999996,
    71.4974705882353,
    83.18216666666666,
    95.54467857142858,
    105.10225,
    115.69657142857142,
    127.70781249999999,
    139.56775,
    150.58550000000002,
    163.2588638855936,
    176.90957578284284,
    184.41863502517006,
    187.05545070422536,
    194.4701036984319,
    203.26756357623432,
    206.1216271384364,
    213.3677679678924,
    222.0000192848497,
    230.632270601807,
    239.86171916166302,
    249.09116772151904
  ],
  "fuel_map_gps": [
    [
      0.0,
      0.0,
      0.0,
      0.0,
      0.0,
      0.0,
      0.0,
      0.0,
      0.0,
      0.0,
      0.0,
      0.0,
      0.0,
      0.0,
      0.0,
      0.0,
      0.0,
      0.0,
      0.0,
      0.020649426305408003,
      0.09223673213435914,
      0.16070284036740642
    ],
    [
      0.026545682857869474,
      0.0073029216407502675,
      0.0,
      0.0,
      0.0,
      0.0,
      0.0,
      0.0,
      0.0,
      0.0,
      0.0,
      0.0,
      0.014653529740801068,
      0.03344604130597925,
      0.061959001753250836,
      0.13043128999690018,
      0.24551013933669355,
      0.3856883585349785,
      0.4390211279100206,
      0.4953966759717904,
      0.5371482116223701,
      0.5813629038918742
    ],
    [
      0.04920804727953325,
      0.05831884856292195,
      0.06688369853328477,
      0.07517303976913192,
      0.08759352779462287,
      0.09681739082088453,
      0.10537762757075937,
      0.11355998342642566,
      0.12659337334610024,
      0.15192789119549283,
      0.1819792143256563,
      0.2148785549324516,
      0.282713709671348,
      0.3097159755659777,
      0.3502246602216254,
      0.45289578606909103,
      0.6632270957689078,
      0.8063506276669833,
      0.8237988565776486,
      0.8815653024232568,
      0.9243616150344248,
      0.9689891075872776
    ],
    [
      0.054678997896608066,
      0.07253249787688634,
      0.08948583082451844,
      0.10128671217305653,
      0.11898942151871132,
      0.13172412361103647,
      0.14328973588364396,
      0.1541413989217228,
      0.17103074594549347,
      0.20205089658153333,
      0.23680253802474505,
      0.27566059594925324,
      0.35813819921241435,
      0.38534086536313444,
      0.4280442563820313,
      0.5350709979333644,
      0.7434577271354056,
      0.8656283441668573,
      0.9289278826915851,
      0.9991363847101387,
      1.0453440053395153,
      1.0926484315962346
    ],
    [
      0.06264714417372282,
      0.09459327881538465,
      0.12549293981919707,
      0.14173070548598318,
      0.16943443411657658,
      0.1885296777477525,
      0.2051526681002839,
      0.22034521604552956,
      0.24338959679501032,
      0.28295171899230964,
      0.32352426589063266,
      0.3682640961076374,
      0.47644591221315336,
      0.5036187662845418,
      0.5494306827318012,
      0.6637267058222869,
      0.8344587692299616,
      0.9592671621376002,
      1.0989052178704721,
      1.195430417737857,
      1.2492976546163936,
      1.3027245697219567
    ],
    [
      0.06813724360576734,
      0.11061737745857056,
      0.15046582885993728,
      0.17464964640731667,
      0.21477406530840285,
      0.23949487544886988,
      0.2601462844947738,
      0.27831240918612354,
      0.30485569398376466,
      0.35023243907567625,
      0.39851092057271503,
      0.4472759900959003,
      0.5632300268764665,
      0.6026764916527879,
      0.6574906207759117,
      0.7850238342602693,
      0.9435015035704226,
      1.0882118526740339,
      1.2580332475083884,
      1.3777823517161785,
      1.4403787128631662,
      1.5011298705603768
    ],
    [
      0.07185693822356466,
      0.12485031848978202,
      0.1746339110381616,
      0.21651242591105932,
      0.26846685684847743,
      0.2965392728055031,
      0.3198377725944945,
      0.3406804707259534,
      0.37132144815019097,
      0.4223317484717321,
      0.48140320912410667,
      0.5404945942860855,
      0.6564803902596998,
      0.7100512565596067,
      0.7818641976423526,
      0.9329690981918864,
      1.09630789270739,
      1.2670161597632057,
      1.4426213948249078,
      1.582513977103071,
      1.6551369387603212,
      1.724910362718836
    ],
    [
      0.06988614746012166,
      0.14947336272255476,
      0.23437592886909867,
      0.29818512189077884,
      0.36269506035477206,
      0.39788502038733675,
      0.427420525905309,
      0.45408716964349694,
      0.49441995387040805,
      0.5685296273218371,
      0.6436420184080877,
      0.7179685708758456,
      0.8712965607728719,
      0.9347979374864644,
      1.0293691709776582,
      1.2356979090176647,
      1.4468676760046113,
      1.6380786665072948,
      1.8154117259152678,
      1.9719651512363927,
      2.0593143892144092,
      2.1448397885685933
    ],
    [
      0.06615928709336544,
      0.1714782330300599,
      0.279092158562717,
      0.3523097378523436,
      0.4245377613505935,
      0.46754018024138566,
      0.5041062658804099,
      0.5371944273067724,
      0.5871672350296795,
      0.6768120765558445,
      0.7707222084510447,
      0.8647935056840428,
      1.037963906823771,
      1.1132143379974724,
      1.2220642054217148,
      1.4318449343448645,
      1.6955065529934614,
      1.943823589844151,
      2.1306981775768423,
      2.2986471290745256,
      2.3958694276968053,
      2.4922286472712627
    ],
    [
      0.06067264658660967,
      0.19315406472381963,
      0.3236073864169241,
      0.4086644174837864,
      0.48989079822797427,
      0.5371593427253123,
      0.5781437874478428,
      0.6157028399290365,
      0.6730144178480888,
      0.7785446749667981,
      0.8874606510614448,
      0.9941083171464089,
      1.196513712369684,
      1.2853142167618605,
      1.413768584630501,
      1.6327685121865985,
      1.9346720062814535,
      2.2259537861236636,
      2.447029010696495,
      2.6366981935341034,
      2.7466278218043643,
      2.85592342038522
    ],
    [
      0.05132408726736269,
      0.2138414200594723,
      0.37054678225102206,
      0.468739593667941,
      0.5610325264350108,
      0.6149250374589794,
      0.6613795202968075,
      0.7040790120557174,
      0.7692350133186293,
      0.8850695764830635,
      1.0042792463140802,
      1.1224217539257133,
      1.3506829465175352,
      1.4494082806909787,
      1.5914279286593946,
      1.856145584621906,
      2.180047365432048,
      2.505767565732285,
      2.7699146879900804,
      2.994727224338647,
      3.124652257612252,
      3.2538208184537227
    ],
    [
      0.03796280889763692,
      0.23180437930723186,
      0.4202856704546857,
      0.5371936540065292,
      0.6410951894333728,
      0.7006866953358439,
      0.7516417704987289,
      0.7984787706993118,
      0.8693518488655823,
      0.9929606934080906,
      1.1240077404978681,
      1.2532866952995736,
      1.503899836087928,
      1.6145237869072437,
      1.7729169991018898,
      2.0725634111789395,
      2.429510981967131,
      2.7925858755610204,
      3.0980709529260273,
      3.371396141191979,
      3.5314971548363556,
      3.691044896224131
    ],
    [
      0.022307763282911574,
