{
  "name": "2018 Toyota 2.5L A25A-FKS Engine Tier 2 Fuel",
  "fuel_map_speed_radps": [
    0.0,
    40.54064212142059,
    81.08128424284118,
    108.90640491021287,
    138.86135520377456,
    156.88166247576345,
    181.05631740574222,
    211.24466377978447,
    265.47141566072946,
    313.6609509160694,
    373.97057705343684,
    422.27976929908095,
    470.5193343163323,
    518.8107192086507,
    566.9844989152072,
    603.1994932739888,
    681.7324577213594,
    760.26542216873
  ],
  "fuel_map_torque_Nm": [
    -62.73731238175322,
    -47.516666666666666,
    -37.30083333333333,
    -27.085,
    -12.425833333333333,
    2.2333333333333334,
    10.5125,
    17.696875,
    32.56428571428572,
    45.7,
    55.605000000000004,
    72.7578947368421,
    87.06666666666666,
    91.8,
    99.4,
    113.13999999999999,
    130.45999999999998,
    140.85,
    151.47248622589532,
    161.29379940711465,
    172.35006675567422,
    189.16123665966307,
    204.97210407128443,
    215.87274746501913,
    230.17722599761458,
    246.0606317988073,
    261.9440376
  ],
  "fuel_map_gps": [
    [
      0.0,
      0.0,
      0.0,
      0.0,
      0.0,
      0.0,
      0.0,
      0.0,
      0.0,
      0.0,
      0.0,
      0.0,
      0.0,
      0.0,
      0.0,
      0.0,
      0.0,
      0.0
    ],
    [
      0.0,
      0.0,
      0.0,
      0.0,
      0.0,
      0.0,
      0.0,
      0.0,
      0.0,
      0.0,
      0.0,
      0.0,
      0.0,
      0.0,
      0.012623679004597602,
      0.09287417298333007,
      0.2582781107319216,
      0.4214309442734885
    ],
    [
      0.0,
      0.0,
      0.0,
      0.0,
      0.0,
      0.0,
      0.0,
      0.0,
      0.0,
      0.0,
      0.0,
      0.0,
      0.036472128845502355,
      0.1645894514450314,
      0.2954617511746523,
      0.39289370247255745,
      0.5980745503088426,
      0.8007483231325717
    ],
    [
      0.0,
      0.0,
      0.0,
      0.0,
      0.0,
      0.0,
      0.0,
      0.0,
      0.0035959262960722415,
      0.04215502026457484,
      0.10112754434380657,
      0.17670796249244863,
      0.28827111353147644,
      0.42948823356174803,
      0.5802764706814243,
      0.6941788343670464,
      0.9389048902212902,
      1.1811677103263332
    ],
    [
      0.0,
      0.02595868089092917,
      0.06688212998904132,
      0.09166601583954594,
      0.11544214320613216,
      0.12869106714271827,
      0.1460368190663436,
      0.16900816971414387,
      0.22235113221461772,
      0.28971447543841694,
      0.4002523192858744,
      0.5174352952493463,
      0.6598816771930057,
      0.8231742218381296,
      0.9986749028625891,
      1.133820212246976,
      1.4328555863504722,
      1.7308509319306855
    ],
    [
      0.011419778982315212,
      0.08000471701624,
      0.151683127958263,
      0.1989545052541962,
      0.23936617519783843,
      0.2623146271232408,
      0.29454431600152137,
      0.3390699560723051,
      0.4307188233255392,
      0.5335986024475525,
      0.6973143369021736,
      0.854417187312218,
      1.030974262904211,
      1.224466374891792,
      1.4294832850857526,
      1.5875067587343819,
      1.9387433698626448,
      2.289380779844529
    ],
    [
      0.025823853201822296,
      0.1029896124436419,
      0.18007132820074628,
      0.2316478777406653,
      0.2867087341978163,
      0.3215987892290769,
      0.36888659988111183,
      0.42946342084454947,
      0.5449417925947084,
      0.6694625260052505,
      0.8635495757116014,
      1.0419325371444432,
      1.2373779127762565,
      1.449220386022847,
      1.6747340058931437,
      1.848474632334456,
      2.2291428152169814,
      2.6092128656247606
    ],
    [
      0.037332573832098474,
      0.12274216591870225,
      0.20614121167202581,
      0.2633299689050604,
      0.330932329020187,
      0.3739455903522148,
      0.43248893234190067,
      0.5045304346468656,
      0.6429869781923474,
      0.7871215296460669,
      1.0069363640480544,
      1.2035193130087813,
      1.4148171163354217,
      1.6425827506273447,
      1.8876312142974907,
      2.0765249767042127,
      2.482758881577525,
      2.8887904348517988
    ],
    [
      0.05574699368628987,
      0.15869812410133957,
      0.26149363886146587,
      0.33289198901206213,
      0.4207074358333807,
      0.47742126299437815,
      0.5556111009011087,
      0.6539339292269187,
      0.8449022425147733,
      1.026699167440988,
      1.2968765383766323,
      1.5332479083626276,
      1.7738811950420394,
      2.0349223455136696,
      2.326336604840327,
      2.5507782043226217,
      3.012919835603629,
      3.477099496893634
    ],
    [
      0.06695914073810198,
      0.19197241559094994,
      0.3168586001880301,
      0.4033110062878056,
      0.5072613405065305,
      0.5741145534962502,
      0.6667240687093603,
      0.7863920228149969,
      1.011334847640983,
      1.2250974718771506,
      1.5425318366036096,
      1.816551325588044,
      2.093016822929188,
      2.3859064373031718,
      2.7117760145884366,
      2.958295592741197,
      3.485866148867794,
      4.0142706767263565
    ],
    [
      0.07424117127708628,
      0.21879913177330637,
      0.36421396097529196,
      0.46487130748444205,
      0.5829285571869935,
      0.654730277212448,
      0.7542323179853794,
      0.8886360809185647,
      1.1384494068640247,
      1.3757540568681266,
      1.7255959354638386,
      2.0309730384151825,
      2.3395762192107874,
      2.666175909326521,
      3.013034268346085,
      3.27110451739733,
      3.8484387577523287,
      4.429573669817521
    ],
    [
      0.0869114687220659,
      0.26667405760947727,
      0.44625107423654276,
      0.5667339205580277,
      0.706398495119751,
      0.7926929927788172,
      0.9107615246080487,
      1.0637596900324913,
      1.3699511875161796,
      1.6396250289146161,
      2.041144107339022,
      2.4177587241922205,
      2.7651821962671215,
      3.148548193237581,
      3.548932845006078,
      3.834329271104017,
      4.499727509229394,
      5.175569662283011
    ],
    [
      0.09889229151093823,
      0.3027242539274427,
      0.5028145836522707,
      0.6403723667759494,
      0.7975115269000322,
      0.8974767972413364,
      1.0365906029910137,
      1.2164345023729508,
      1.5635718466929056,
      1.871107589788746,
      2.3161588650871585,
      2.714812453223576,
      3.1143504013903156,
      3.5380919672500535,
      3.984407208968845,
      4.324271450502615,
      5.078330473160351,
      5.831296993013994
    ],
    [
      0.10325529950406534,
      0.31627909147688427,
      0.5262263570932993,
      0.6686041007250193,
      0.8290892148545118,
      0.9322302501134041,
      1.076154400303353,
      1.2632806401391696,
      1.6222031565924577,
      1.9461101984425637,
      2.4053653386903076,
      2.8124666594803416,
      3.228487779894886,
      3.6644848379883377,
      4.126500632427932,
      4.488554541199708,
      5.272534843056292,
      6.052214069134938
    ],
    [
      0.11099809631206753,
      0.3387228507332749,
      0.5666668981311035,
      0.7148852470571232,
      0.8821618992555874,
      0.9894745204238119,
      1.1397088884598479,
      1.3370033744230985,
      1.7166527048755418,
      2.0640267668239813,
      2.5465369616372318,
      2.9706302139920533,
      3.4116030345336097,
      3.8664514354182864,
      4.352320787919868,
      4.754021750875184,
      5.585644776482144,
      6.409620217413335
    ],
    [
      0.13603693565724398,
      0.37679887511896587,
      0.619633542133128,
      0.7892356231329912,
      0.9778669738460299,
      1.0954687695435457,
      1.2579276190912578,
      1.47180887799226,
      1.8996214793395854,
      2.2665967947745673,
      2.7921484061876254,
      3.264258428812479,
      3.7497210083571413,
      4.236699013904295,
      4.755316779999187,
      5.228153488086378,
      6.153039450733267,
      7.0706345048293295
    ],
    [
