{
  "name": "Automation Tuned LQ4",
  "full_throttle_speed_radps": [
    0.0,
    83.77580409572782,
    119.84594197027728,
    155.91607984482678,
    191.98621771937627,
    228.05635559392573,
    264.1264934684752,
    300.1966313430247,
    336.2667692175742,
    372.3369070921236,
    408.40704496667314,
    444.47718284122254,
    480.54732071577206,
    516.6174585903216,
    552.6875964648711,
    588.7577343394205,
    624.82787221397,
    660.8980100885195,
    696.968147963069,
    733.0382858376183
  ],
  "full_throttle_torque_Nm": [
    0.0,
    0.0,
    467.846077277729,
    497.32332302314717,
    521.5345720270404,
    540.6685345042189,
    559.9694900115658,
    576.7459126081188,
    589.2527333880017,
    598.5685164337848,
    591.8717927037613,
    582.3161765777714,
    568.0988350356442,
    557.5173079814278,
    544.991813409134,
    523.0853956650162,
    499.9119598293795,
    476.61568845985016,
    446.3607945939767,
    0.0
  ],
  "closed_throttle_speed_radps": [
    0.0,
    83.77580409572782,
    157.07963267948966,
    261.79938779914943,
    366.51914291880917,
    471.238898038469,
    549.7787143782137,
    628.3185307179587,
    680.6784082777885,
    733.0382858376183
  ],
  "closed_throttle_torque_Nm": [
    -24.0,
    -33.216,
    -43.800000000000004,
    -63.0,
    -87.00000000000001,
    -115.79999999999998,
    -140.55,
    -168.00000000000003,
    -187.8,
    -208.8
  ],
  "fuel_map_speed_radps": [
    0.0,
    83.77580409572782,
    119.84594197027728,
    155.91607984482678,
    191.98621771937627,
    228.05635559392573,
    264.1264934684752,
    300.1966313430247,
    336.2667692175742,
    372.3369070921236,
    408.40704496667314,
    444.47718284122254,
    480.54732071577206,
    516.6174585903216,
    552.6875964648711,
    588.7577343394205,
    624.82787221397,
    660.8980100885195,
    696.968147963069,
    733.0382858376183
  ],
  "fuel_map_torque_Nm": [
    -208.8,
    -174.4114345030501,
    -140.02286900610017,
    -105.63430350915021,
    -71.24573801220029,
    -36.85717251525037,
    -2.4686070183004176,
    31.919958478649505,
    66.30852397559943,
    100.69708947254935,
    135.08565496949927,
    169.4742204664492,
    203.86278596339918,
    238.2513514603491,
    272.639916957299,
    307.02848245424894,
    341.41704795119887,
    375.8056134481488,
    410.1941789450987,
    444.58274444204864,
    478.97130993899856,
    513.3598754359484,
    547.7484409328983,
    582.1370064298483,
    616.5255719267983
  ],
  "fuel_map_gps": [
    [
      0.0,
      0.32,
      0.4233333333333333,
      0.5266666666666666,
      0.63,
      0.7333333333333333,
      0.8366666666666666,
      0.94,
      1.0433333333333332,
      1.1466666666666667,
      1.25,
      1.3533333333333333,
      1.4566666666666666,
      1.56,
      1.6633333333333333,
      1.7666666666666666,
      1.87,
      1.9733333333333334,
      2.0766666666666667,
      2.1799999999999997
    ],
    [
      0.0,
      0.32,
      0.4233333333333333,
      0.5266666666666666,
      0.63,
      0.7333333333333333,
      0.8366666666666666,
      0.94,
      1.0433333333333332,
      1.1466666666666667,
      1.25,
      1.3533333333333333,
      1.4566666666666666,
      1.56,
      1.6633333333333333,
      1.7666666666666666,
      1.87,
      1.9733333333333334,
      2.0766666666666667,
      2.1799999999999997
    ],
    [
      0.0,
      0.32,
      0.4233333333333333,
      0.5266666666666666,
      0.63,
      0.7333333333333333,
      0.8366666666666666,
      0.94,
      1.0433333333333332,
      1.1466666666666667,
      1.25,
      1.3533333333333333,
      1.4566666666666666,
      1.56,
      1.6633333333333333,
      1.7666666666666666,
      1.87,
      1.9733333333333334,
      2.0766666666666667,
      2.1799999999999997
    ],
    [
      0.0,
      0.32,
      0.4233333333333333,
      0.5266666666666666,
      0.63,
      0.7333333333333333,
      0.8366666666666666,
      0.94,
      1.0433333333333332,
      1.1466666666666667,
      1.25,
      1.3533333333333333,
      1.4566666666666666,
      1.56,
      1.6633333333333333,
      1.7666666666666666,
      1.87,
      1.9733333333333334,
      2.0766666666666667,
      2.1799999999999997
    ],
    [
      0.0,
      0.32,
      0.4233333333333333,
      0.5266666666666666,
      0.63,
      0.7333333333333333,
      0.8366666666666666,
      0.94,
      1.0433333333333332,
      1.1466666666666667,
      1.25,
      1.3533333333333333,
      1.4566666666666666,
      1.56,
      1.6633333333333333,
      1.7666666666666666,
      1.87,
      1.9733333333333334,
      2.0766666666666667,
      2.1799999999999997
    ],
    [
      0.0,
      0.32,
      0.4233333333333333,
      0.5266666666666666,
      0.63,
      0.7333333333333333,
      0.8366666666666666,
      0.94,
      1.0433333333333332,
      1.1466666666666667,
      1.25,
      1.3533333333333333,
      1.4566666666666666,
      1.56,
      1.6633333333333333,
      1.7666666666666666,
      1.87,
      1.9733333333333334,
      2.0766666666666667,
      2.1799999999999997
    ],
    [
      0.0,
      0.32,
      0.4233333333333333,
      0.5266666666666666,
      0.63,
      0.7333333333333333,
      0.8366666666666666,
      0.94,
      1.0433333333333332,
      1.1466666666666667,
      1.25,
      1.3533333333333333,
      1.4566666666666666,
      1.56,
      1.6633333333333333,
      1.7666666666666666,
      1.87,
      1.9733333333333334,
      2.0766666666666667,
      2.1799999999999997
    ],
    [
      0.0,
      0.4987403255352717,
      0.6839704404098645,
      0.8643485688115339,
      1.0144998756203205,
      1.2325297755024347,
      1.538770485899319,
      1.8330217525505648,
      2.159600133812451,
      2.5329913080501796,
      2.78220358764604,
      3.007005772910324,
      3.3744797443244146,
      3.8644272643177207,
      4.220613602037867,
      4.719145064052381,
      5.190983168157179,
      5.377587765864674,
      5.730230214512779,
      5.804002208042633
    ],
    [
      0.0,
      1.03605193770769,
      1.3946421232864166,
      1.741675795773038,
      2.112884793822838,
      2.548304832486031,
      3.2198400648748264,
      3.8411289653718343,
      4.411094840082778,
      5.196163704466918,
      5.802875722960824,
      6.154307579756871,
      6.75111334300746,
      8.04195026657162,
      8.80977436001783,
      10.079719250443759,
      10.854598880041943,
      11.16304189096124,
      11.763203176312663,
      12.05687093308242
    ],
    [
      0.0,
      1.5733635498801082,
      1.6294145749466293,
      2.041450137609105,
      2.5244158189457844,
      3.03497044049838,
      3.6173998321889007,
      4.297742866166946,
      4.948909943262258,
      5.589303159734197,
      6.3656417158542675,
      6.894101682104346,
      7.60858899383383,
      8.609513505774052,
      9.467468397626899,
      10.530964654850592,
      11.219532627922561,
      11.948794054151795,
      13.031380045771078,
      18.309739658122204
    ],
    [
      0.0,
      2.1106751620525266,
      1.871324240507218,
      2.417815952321046,
      2.9785328641091358,
      3.6002926808455054,
      4.273943433513622,
      5.01106089257139,
      5.775339862893606,
      6.619499428794647,
      7.37715550082512,
      8.00545491038278,
      8.747418711993861,
      9.916042130817498,
      10.966851949999288,
      12.044225757258022,
      12.992784300012042,
      13.79310010237958,
      14.647878778852034,
      24.56260838316199
    ],
    [
      0.0,
