{
  "name": "Automation 7.3L V8 (v3 Mazda-grid)",
  "full_throttle_speed_radps": [
    0.0,
    83.77580409572782,
    114.02817779696286,
    144.2805514981979,
    174.53292519943295,
    204.78529890066798,
    235.03767260190304,
    265.2900463031381,
    295.5424200043732,
    325.7947937056082,
    356.0471674068432,
    386.2995411080783,
    416.55191480931336,
    446.8042885105484,
    477.05666221178336,
    507.30903591301853,
    537.5614096142535,
    567.8137833154885,
    598.0661570167235,
    628.3185307179587,
    659.7344572538566
  ],
  "full_throttle_torque_Nm": [
    0.0,
    0.0,
    576.3251467914024,
    608.2460078791582,
    636.0167954874121,
    658.1049349941725,
    673.237705802118,
    684.101943587116,
    687.9983535147568,
    681.8473602493655,
    673.9622682293402,
    663.699795634873,
    645.2990242209368,
    621.2601134481746,
    598.998583769461,
    576.7668826239261,
    551.0988179542377,
    519.7345257923572,
    474.08065630855725,
    366.5485894048445,
    366.5485894048445
  ],
  "closed_throttle_speed_radps": [
    0.0,
    83.77580409572782,
    157.07963267948966,
    261.79938779914943,
    366.51914291880917,
    471.238898038469,
    549.7787143782137,
    628.3185307179587,
    680.6784082777885
  ],
  "closed_throttle_torque_Nm": [
    -29.2,
    -40.412800000000004,
    -53.290000000000006,
    -76.64999999999999,
    -105.85000000000001,
    -140.89,
    -171.0025,
    -204.4,
    -228.49000000000004
  ],
  "fuel_map_speed_radps": [
    0.0,
    83.77580409572782,
    114.02817779696286,
    144.2805514981979,
    174.53292519943295,
    204.78529890066798,
    235.03767260190304,
    265.2900463031381,
    295.5424200043732,
    325.7947937056082,
    356.0471674068432,
    386.2995411080783,
    416.55191480931336,
    446.8042885105484,
    477.05666221178336,
    507.30903591301853,
    537.5614096142535,
    567.8137833154885,
    598.0661570167235,
    628.3185307179587
  ],
  "fuel_map_torque_Nm": [
    -228.49000000000004,
    -189.44298732832505,
    -150.39597465665008,
    -111.34896198497509,
    -72.3019493133001,
    -33.25493664162511,
    5.792076030049856,
    44.839088701724876,
    83.88610137339984,
    122.9331140450748,
    161.98012671674982,
    201.02713938842479,
    240.07415206009975,
    279.1211647317748,
    318.1681774034498,
    357.2151900751247,
    396.26220274679974,
    435.30921541847476,
    474.35622809014967,
    513.4032407618247,
    552.4502534334997,
    591.4972661051746,
    630.5442787768496,
    669.5912914485247,
    708.6383041201996
  ],
  "fuel_map_gps": [
    [
      0.0,
      0.32,
      0.4066666666666667,
      0.49333333333333335,
      0.58,
      0.6666666666666666,
      0.7533333333333332,
      0.84,
      0.9266666666666666,
      1.0133333333333334,
      1.1,
      1.1866666666666668,
      1.2733333333333334,
      1.36,
      1.4466666666666665,
      1.5333333333333334,
      1.62,
      1.7066666666666668,
      1.7933333333333332,
      1.88
    ],
    [
      0.0,
      0.32,
      0.4066666666666667,
      0.49333333333333335,
      0.58,
      0.6666666666666666,
      0.7533333333333332,
      0.84,
      0.9266666666666666,
      1.0133333333333334,
      1.1,
      1.1866666666666668,
      1.2733333333333334,
      1.36,
      1.4466666666666665,
      1.5333333333333334,
      1.62,
      1.7066666666666668,
      1.7933333333333332,
      1.88
    ],
    [
      0.0,
      0.32,
      0.4066666666666667,
      0.49333333333333335,
      0.58,
      0.6666666666666666,
      0.7533333333333332,
      0.84,
      0.9266666666666666,
      1.0133333333333334,
      1.1,
      1.1866666666666668,
      1.2733333333333334,
      1.36,
      1.4466666666666665,
      1.5333333333333334,
      1.62,
      1.7066666666666668,
      1.7933333333333332,
      1.88
    ],
    [
      0.0,
      0.32,
      0.4066666666666667,
      0.49333333333333335,
      0.58,
      0.6666666666666666,
      0.7533333333333332,
      0.84,
      0.9266666666666666,
      1.0133333333333334,
      1.1,
      1.1866666666666668,
      1.2733333333333334,
      1.36,
      1.4466666666666665,
      1.5333333333333334,
      1.62,
      1.7066666666666668,
      1.7933333333333332,
      1.88
    ],
    [
      0.0,
      0.32,
      0.4066666666666667,
      0.49333333333333335,
      0.58,
      0.6666666666666666,
      0.7533333333333332,
      0.84,
      0.9266666666666666,
      1.0133333333333334,
      1.1,
      1.1866666666666668,
      1.2733333333333334,
      1.36,
      1.4466666666666665,
      1.5333333333333334,
      1.62,
      1.7066666666666668,
      1.7933333333333332,
      1.88
    ],
    [
      0.0,
      0.32,
      0.4066666666666667,
      0.49333333333333335,
      0.58,
      0.6666666666666666,
      0.7533333333333332,
      0.84,
      0.9266666666666666,
      1.0133333333333334,
      1.1,
      1.1866666666666668,
      1.2733333333333334,
      1.36,
      1.4466666666666665,
      1.5333333333333334,
      1.62,
      1.7066666666666668,
      1.7933333333333332,
      1.88
    ],
    [
      0.0,
      0.06312590409162785,
      0.08591716672246195,
      0.10870534946549694,
      0.131490609003808,
      0.15427401239235,
      0.17705749058248352,
      0.19984352016435109,
      0.22263431868973987,
      0.2454311967234173,
      0.2682343597193908,
      0.29104253054437973,
      0.3138534995909698,
      0.3366650309366176,
      0.359476483034091,
      0.38228329231474384,
      0.40508927625786617,
      0.4278925497842028,
      0.4506932448957953,
      0.47349235508912135
    ],
    [
      0.0,
      0.4885662847547433,
      0.6648987723483798,
      0.841178818162667,
      1.0174091448192606,
      1.1936111138449454,
      1.3698185821452475,
      1.546081041916045,
      1.7224317775369906,
      1.8988854528321082,
      2.075467209174166,
      2.2521532204359325,
      2.428891103510215,
      2.6056468276340206,
      2.7824238710313938,
      2.9591083934189952,
      3.1357863803130357,
      3.3124083322694577,
      3.4889700843605294,
      3.665492796059563
    ],
    [
      0.0,
      0.9133701428518934,
      1.242732195003896,
      1.5719096585434515,
      1.9009011944028806,
      2.229798784882178,
      2.5587337954218152,
      2.8879318122364626,
      3.2174985757992043,
      3.547453312818837,
      3.877997519344317,
      4.2090299634876915,
      4.540274670218087,
      4.87162191986266,
      5.203168611103212,
      5.534300039366478,
      5.865452769287151,
      6.19634890724547,
      6.526932575169145,
      6.857301101580066
    ],
    [
      0.0,
      1.3360419797065664,
      1.8168464245434979,
      2.297232160859978,
      2.777121912341476,
      3.256795736029474,
      3.7366205839843,
      4.217353834506094,
      4.699216356033087,
      5.182134871479102,
      5.667038236003714,
      6.153610052284591,
      6.6408082535290225,
      7.128398505453476,
      7.616975989428657,
      8.104189846016393,
      8.591649763953015,
      9.078260506970377,
      9.563701976799475,
      10.048288746260399
    ],
    [
      0.0,
      1.7528523854785911,
      2.380964759884095,
      3.0084348634208427,
      3.634820263732634,
      4.260822467245448,
      4.88729265092848,
      5.516366710537215,
      6.148356963647121,
      6.7827395460128495,
      7.422723296206033,
      8.067480315630272,
      8.713790352986665,
      9.361306867466116,
      10.012404876519176,
      10.659742726792025,
      11.3082388935937,
      11.95438969125183,
      12.596932242242977,
      13.236720838170715
    ],
    [
      0.0,
      2.1562188697997082,
      2.922454218958527,
      3.688185687987848,
      4.451872452818982,
      5.215053247546047,
      5.979458600302645,
      6.750340340123454,
      7.527881921273945,
      8.310198978166733,
      9.106337703465186,
      9.914427653169982,
      10.725992315945897,
