{
  "name": "Automation 7.3L V8",
  "full_throttle_speed_radps": [
    0.0,
    104.71975511965977,
    128.51969946503698,
    152.3196438104142,
    176.11958815579146,
    199.91953250116865,
    223.7194768465459,
    247.5194211919231,
    271.3193655373003,
    295.11930988267756,
    318.91925422805474,
    342.719198573432,
    366.51914291880917,
    390.3190872641864,
    414.11903160956365,
    437.9189759549409,
    461.7189203003181,
    485.51886464569526,
    509.31880899107256,
    533.1187533364497,
    556.918697681827,
    580.7186420272043,
    604.5185863725815,
    628.3185307179587
  ],
  "full_throttle_torque_Nm": [
    0.0,
    565.0391175755402,
    592.1934082081576,
    616.1061089956365,
    637.3252914963819,
    655.4950407380043,
    668.1602751583,
    678.8371152971695,
    685.7924432757703,
    688.0378973671229,
    683.8373089490832,
    677.0024532180353,
    671.5735514525084,
    661.7463293279835,
    647.27485325813,
    628.0363479896438,
    609.8857197535656,
    593.0230683007933,
    575.2373829056198,
    555.20207416447,
    531.7230280531088,
    503.235993229447,
    461.05491133913637,
    0.0
  ],
  "closed_throttle_speed_radps": [
    0.0,
    104.71975511965977,
    366.51914291880917,
    549.7787143782137,
    628.3185307179587
  ],
  "closed_throttle_torque_Nm": [
    -29.2,
    -42.705,
    -98.82374999999999,
    -157.1096875,
    -186.88
  ],
  "fuel_map_speed_radps": [
    0.0,
    104.71975511965977,
    128.51969946503698,
    152.3196438104142,
    176.11958815579146,
    199.91953250116865,
    223.7194768465459,
    247.5194211919231,
    271.3193655373003,
    295.11930988267756,
    318.91925422805474,
    342.719198573432,
    366.51914291880917,
    390.3190872641864,
    414.11903160956365,
    437.9189759549409,
    461.7189203003181,
    485.51886464569526,
    509.31880899107256,
    533.1187533364497,
    556.918697681827,
    580.7186420272043,
    604.5185863725815,
    628.3185307179587
  ],
  "fuel_map_torque_Nm": [
    -186.88,
    -149.43838524261824,
    -111.99677048523647,
    -74.5551557278547,
    -37.11354097047294,
    0.32807378690881706,
    37.7696885442906,
    75.21130330167233,
    112.65291805905412,
    150.0945328164359,
    187.53614757381763,
    224.97776233119941,
    262.4193770885812,
    299.86099184596293,
    337.30260660334466,
    374.74422136072644,
    412.1858361181082,
    449.62745087549,
    487.0690656328718,
    524.5106803902535,
    561.9522951476353,
    599.393909905017,
    636.8355246623988,
    674.2771394197805
  ],
  "fuel_map_gps": [
    [
      0.48000000000000004,
      0.5709090909090909,
      0.6618181818181817,
      0.7527272727272728,
      0.8436363636363636,
      0.9345454545454546,
      1.0254545454545456,
      1.1163636363636364,
      1.2072727272727273,
      1.2981818181818183,
      1.3890909090909094,
      1.4800000000000002,
      1.570909090909091,
      1.6618181818181819,
      1.752727272727273,
      1.8436363636363637,
      1.9345454545454546,
      2.025454545454546,
      2.1163636363636367,
      2.2072727272727275,
      2.2981818181818188,
      2.389090909090909,
      2.48,
      0.0
    ],
    [
      0.48000000000000004,
      0.5709090909090909,
      0.6618181818181817,
      0.7527272727272728,
      0.8436363636363636,
      0.9345454545454546,
      1.0254545454545456,
      1.1163636363636364,
      1.2072727272727273,
      1.2981818181818183,
      1.3890909090909094,
      1.4800000000000002,
      1.570909090909091,
      1.6618181818181819,
      1.752727272727273,
      1.8436363636363637,
      1.9345454545454546,
      2.025454545454546,
      2.1163636363636367,
      2.2072727272727275,
      2.2981818181818188,
      2.389090909090909,
      2.48,
      0.0
    ],
    [
      0.48000000000000004,
      0.5709090909090909,
      0.6618181818181817,
      0.7527272727272728,
      0.8436363636363636,
      0.9345454545454546,
      1.0254545454545456,
      1.1163636363636364,
      1.2072727272727273,
      1.2981818181818183,
      1.3890909090909094,
      1.4800000000000002,
      1.570909090909091,
      1.6618181818181819,
      1.752727272727273,
      1.8436363636363637,
      1.9345454545454546,
      2.025454545454546,
      2.1163636363636367,
      2.2072727272727275,
      2.2981818181818188,
      2.389090909090909,
      2.48,
      0.0
    ],
    [
      0.48000000000000004,
      0.5709090909090909,
      0.6618181818181817,
      0.7527272727272728,
      0.8436363636363636,
      0.9345454545454546,
      1.0254545454545456,
      1.1163636363636364,
      1.2072727272727273,
      1.2981818181818183,
      1.3890909090909094,
      1.4800000000000002,
      1.570909090909091,
      1.6618181818181819,
      1.752727272727273,
      1.8436363636363637,
      1.9345454545454546,
      2.025454545454546,
      2.1163636363636367,
      2.2072727272727275,
      2.2981818181818188,
      2.389090909090909,
      2.48,
      0.0
    ],
    [
      0.48000000000000004,
      0.5709090909090909,
      0.6618181818181817,
      0.7527272727272728,
      0.8436363636363636,
      0.9345454545454546,
      1.0254545454545456,
      1.1163636363636364,
      1.2072727272727273,
      1.2981818181818183,
      1.3890909090909094,
      1.4800000000000002,
      1.570909090909091,
      1.6618181818181819,
      1.752727272727273,
      1.8436363636363637,
      1.9345454545454546,
      2.025454545454546,
      2.1163636363636367,
      2.2072727272727275,
      2.2981818181818188,
      2.389090909090909,
      2.48,
      0.0
    ],
    [
      0.016091712705513236,
      0.01974892013858443,
      0.023406127571655614,
      0.027063335004726814,
      0.030720542437798,
      0.03437774987086919,
      0.03803495730394039,
      0.041692164737011574,
      0.045349372170082766,
      0.04225405636484836,
      0.052663787036225145,
      0.04892836354148312,
      0.05997820190236752,
      0.05507999351959184,
      0.0672926167685099,
      0.0709498242015811,
      0.06457654412641801,
      0.07826423906772348,
      0.08192144650079466,
      0.07378693424906355,
      0.08923586136693706,
      0.09289306880000826,
      0.09655027623307942,
      0.0
    ],
    [
      1.6094019313294352,
      1.9679327985332018,
      2.6946442650569677,
      3.1156824314721194,
      3.5367205978872702,
      3.9577587643024223,
      4.378796930717574,
      4.799835097132724,
      5.220873263547876,
      5.641911429963026,
      5.227547322362214,
      5.612252795816909,
      6.905025929208479,
      6.341116795273651,
      7.747102262038783,
      8.168140428453935,
      8.589178594869086,
      9.010216761284239,
      9.431254927699388,
      8.505926450271552,
      10.273331260529691,
      10.694369426944842,
      11.115407593359993,
      0.0
    ],
    [
      3.6890441517478147,
      4.527463277145045,
      5.365882402542275,
      6.204301527939508,
      7.042720653336738,
      7.881139778733968,
      8.7195589041312,
      9.557978029528428,
      10.39639715492566,
      11.23481628032289,
      10.40968730057115,
      12.911654531117351,
      13.750073656514582,
      14.588492781911814,
      15.426911907309048,
      16.26533103270627,
      17.1037501581035,
      17.94216928350074,
      18.780588408897966,
      19.619007534295196,
      20.45742665969243,
      21.29584578508966,
      22.13426491048689,
      0.0
    ],
    [
      4.800246729107455,
      6.781320455648277,
      8.037120540027587,
      9.2929206244069,
      10.54872070878621,
      11.80452079316552,
      13.06032087754483,
