{
  "name": "Automation 7.3L V8 (v2)",
  "full_throttle_speed_radps": [
    0.0,
    94.7802529388107,
    119.00778950463031,
    143.23532607044987,
    167.46286263626948,
    191.69039920208905,
    215.91793576790863,
    240.14547233372824,
    264.3730088995478,
    288.6005454653674,
    312.8280820311871,
    337.0556185970066,
    361.2831551628262,
    385.5106917286458,
    409.7382282944654,
    433.965764860285,
    458.1933014261046,
    482.4208379919241,
    506.6483745577437,
    530.8759111235634,
    555.103447689383,
    579.3309842552025,
    603.5585208210221,
    627.7860573868417
  ],
  "full_throttle_torque_Nm": [
    0.0,
    552.9879338365688,
    581.8139349407692,
    607.2240545002762,
    629.7568907761971,
    649.5087570864596,
    664.0762461156448,
    675.5291044880418,
    683.8448247673875,
    688.6471407874765,
    685.6002426406843,
    678.5882030699844,
    672.7679098409243,
    664.0831699323892,
    650.8326559496415,
    631.1566311197898,
    612.5744738346389,
    595.2107146418648,
    577.2696664296317,
    557.2735727597083,
    533.7204541743876,
    505.55046861461364,
    462.9930292694296,
    407.2762104498272
  ],
  "closed_throttle_speed_radps": [
    0.0,
    104.71975511965977,
    366.51914291880917,
    549.7787143782137,
    628.3185307179587
  ],
  "closed_throttle_torque_Nm": [
    -29.2,
    -43.288999999999994,
    -102.784,
    -165.062125,
    -196.954
  ],
  "fuel_map_speed_radps": [
    0.0,
    94.7802529388107,
    119.00778950463031,
    143.23532607044987,
    167.46286263626948,
    191.69039920208905,
    215.91793576790863,
    240.14547233372824,
    264.3730088995478,
    288.6005454653674,
    312.8280820311871,
    337.0556185970066,
    361.2831551628262,
    385.5106917286458,
    409.7382282944654,
    433.965764860285,
    458.1933014261046,
    482.4208379919241,
    506.6483745577437,
    530.8759111235634,
    555.103447689383,
    579.3309842552025,
    603.5585208210221,
    627.7860573868417
  ],
  "fuel_map_torque_Nm": [
    -196.954,
    -159.0484261751423,
    -121.14285235028463,
    -83.23727852542694,
    -45.33170470056925,
    -7.42613087571155,
    30.47944294914612,
    68.38501677400382,
    106.29059059886151,
    144.1961644237192,
    182.1017382485769,
    220.0073120734346,
    257.91288589829225,
    295.81845972314994,
    333.72403354800764,
    371.62960737286534,
    409.53518119772303,
    447.44075502258073,
    485.34632884743843,
    523.2519026722962,
    561.1574764971538,
    599.0630503220116,
    636.9686241468692,
    674.874197971727
  ],
  "fuel_map_gps": [
    [
      0.0,
      0.39677966101694917,
      0.4777542372881356,
      0.558728813559322,
      0.6397033898305085,
      0.7206779661016949,
      0.8016525423728812,
      0.8826271186440676,
      0.963601694915254,
      1.0445762711864406,
      1.1255508474576272,
      1.2065254237288137,
      1.2875,
      1.3684745762711865,
      1.449449152542373,
      1.5304237288135594,
      1.6113983050847458,
      1.6923728813559322,
      1.7733474576271187,
      1.854322033898305,
      1.9352966101694915,
      2.0162711864406777,
      2.0972457627118644,
      2.1782203389830506
    ],
    [
      0.0,
      0.39677966101694917,
      0.4777542372881356,
      0.558728813559322,
      0.6397033898305085,
      0.7206779661016949,
      0.8016525423728812,
      0.8826271186440676,
      0.963601694915254,
      1.0445762711864406,
      1.1255508474576272,
      1.2065254237288137,
      1.2875,
      1.3684745762711865,
      1.449449152542373,
      1.5304237288135594,
      1.6113983050847458,
      1.6923728813559322,
      1.7733474576271187,
      1.854322033898305,
      1.9352966101694915,
      2.0162711864406777,
      2.0972457627118644,
      2.1782203389830506
    ],
    [
      0.0,
      0.39677966101694917,
      0.4777542372881356,
      0.558728813559322,
      0.6397033898305085,
      0.7206779661016949,
      0.8016525423728812,
      0.8826271186440676,
      0.963601694915254,
      1.0445762711864406,
      1.1255508474576272,
      1.2065254237288137,
      1.2875,
      1.3684745762711865,
      1.449449152542373,
      1.5304237288135594,
      1.6113983050847458,
      1.6923728813559322,
      1.7733474576271187,
      1.854322033898305,
      1.9352966101694915,
      2.0162711864406777,
      2.0972457627118644,
      2.1782203389830506
    ],
    [
      0.0,
      0.39677966101694917,
      0.4777542372881356,
      0.558728813559322,
      0.6397033898305085,
      0.7206779661016949,
      0.8016525423728812,
      0.8826271186440676,
      0.963601694915254,
      1.0445762711864406,
      1.1255508474576272,
      1.2065254237288137,
      1.2875,
      1.3684745762711865,
      1.449449152542373,
      1.5304237288135594,
      1.6113983050847458,
      1.6923728813559322,
      1.7733474576271187,
      1.854322033898305,
      1.9352966101694915,
      2.0162711864406777,
      2.0972457627118644,
      2.1782203389830506
    ],
    [
      0.0,
      0.39677966101694917,
      0.4777542372881356,
      0.558728813559322,
      0.6397033898305085,
      0.7206779661016949,
      0.8016525423728812,
      0.8826271186440676,
      0.963601694915254,
      1.0445762711864406,
      1.1255508474576272,
      1.2065254237288137,
      1.2875,
      1.3684745762711865,
      1.449449152542373,
      1.5304237288135594,
      1.6113983050847458,
      1.6923728813559322,
      1.7733474576271187,
      1.854322033898305,
      1.9352966101694915,
      2.0162711864406777,
      2.0972457627118644,
      2.1782203389830506
    ],
    [
      0.0,
      0.39677966101694917,
      0.4777542372881356,
      0.558728813559322,
      0.6397033898305085,
      0.7206779661016949,
      0.8016525423728812,
      0.8826271186440676,
      0.963601694915254,
      1.0445762711864406,
      1.1255508474576272,
      1.2065254237288137,
      1.2875,
      1.3684745762711865,
      1.449449152542373,
      1.5304237288135594,
      1.6113983050847458,
      1.6923728813559322,
      1.7733474576271187,
      1.854322033898305,
      1.9352966101694915,
      2.0162711864406777,
      2.0972457627118644,
      2.1782203389830506
    ],
    [
      0.0,
      0.37578308159199814,
      0.47178765091637054,
      0.5677499461003226,
      0.6636581800347388,
      0.7594979528513559,
      0.8552385740613336,
      0.9508129013926361,
      1.0460716503711995,
      1.1407378913759798,
      1.2343701102075886,
      1.3264504021353383,
      1.4165763861178002,
      1.5287732415858855,
      1.6248494604977055,
      1.720925679409526,
      1.817001898321346,
      1.913078117233166,
      2.009154336144986,
      2.0736683924569697,
      2.167999524805328,
      2.2973829928804466,
      2.393459211792267,
      2.489535430704087
    ],
    [
      0.0,
      0.8427961344836566,
      1.0579322672635747,
      1.2728475520933087,
      1.4874998279520748,
      1.7018507353383563,
      1.9157978121662966,
      2.1291426991866027,
      2.341381905488944,
      2.551531475022651,
      2.757881767130037,
      2.958498131774451,
      3.1519624096581893,
      3.43002278433792,
      3.645583608491754,
      3.8611444326455873,
      4.076705256799421,
      4.292266080953253,
      4.507826905107087,
      4.550786378763267,
      4.771149687431195,
      5.154509377568587,
      5.37007020172242,
      5.585631025876254
    ],
    [
      0.0,
      1.3086733824989212,
      1.6421104252876026,
      1.9747989733160434,
      2.306649961823199,
      2.637626664633567,
      2.967507787376656,
      3.295982399245587,
      3.6219792387124565,
      3.9432302322249213,
      4.255380857618698,
      4.553836857078071,
      4.835482296084393,
      5.3312723270899545,
      5.666317756485802,
      6.001363185881648,
      6.336408615277496,
      6.671454044673341,
      6.991313502435407,
      6.840106513886851,
