{
  "name": "Automation 7.3L V8 (corrected)",
  "full_throttle_speed_radps": [
    0.0,
    94.7802529388107,
    114.48176619013653,
    134.18327944146233,
    154.949739355022,
    175.18372593746474,
    198.08007917549202,
    222.5738524068701,
    249.19751896271575,
    283.2758121541983,
    308.83453204781017,
    341.84787857705885,
    373.26380511295673,
    405.2122049799716,
    436.0956581847526,
    462.7193247405984,
    491.4728846209117,
    521.2913911634589,
    548.4475310504216,
    576.668617599618,
    597.4350775131775,
    613.4092774466849,
    627.7860573868417
  ],
  "full_throttle_torque_Nm": [
    0.0,
    552.9879338365688,
    576.8751016048872,
    598.3735525963737,
    618.6776451994442,
    636.5930210256829,
    654.5083968519216,
    667.6463391244968,
    679.5899230086559,
    689.1447901159831,
    686.7560733391514,
    677.201206231824,
    670.0350559013285,
    654.5083968519216,
    629.4268706951874,
    609.1227780921168,
    588.8186854890463,
    566.1258761091439,
    541.0443499524097,
    509.99103185359587,
    475.3546385895344,
    443.1069621023046,
    407.2762104498272
  ],
  "closed_throttle_speed_radps": [
    0.0,
    104.71975511965977,
    209.43951023931953,
    366.51914291880917,
    523.5987755982989,
    628.3185307179587
  ],
  "closed_throttle_torque_Nm": [
    -29.2,
    -43.8,
    -64.24000000000001,
    -105.85000000000001,
    -160.6,
    -204.4
  ],
  "fuel_map_speed_radps": [
    0.0,
    94.7802529388107,
    114.48176619013653,
    134.18327944146233,
    154.949739355022,
    175.18372593746474,
    198.08007917549202,
    222.5738524068701,
    249.19751896271575,
    283.2758121541983,
    308.83453204781017,
    341.84787857705885,
    373.26380511295673,
    405.2122049799716,
    436.0956581847526,
    462.7193247405984,
    491.4728846209117,
    521.2913911634589,
    548.4475310504216,
    576.668617599618,
    597.4350775131775,
    613.4092774466849,
    627.7860573868417
  ],
  "fuel_map_torque_Nm": [
    -204.4,
    -166.1494828559277,
    -127.89896571185535,
    -89.64844856778302,
    -51.3979314237107,
    -13.147414279638383,
    25.103102864433964,
    63.35362000850628,
    101.6041371525786,
    139.85465429665092,
    178.10517144072324,
    216.35568858479556,
    254.60620572886793,
    292.8567228729403,
    331.1072400170126,
    369.3577571610849,
    407.60827430515724,
    445.85879144922956,
    484.1093085933019,
    522.3598257373742,
    560.6103428814465,
    598.8608600255188,
    637.1113771695912,
    675.3618943136635
  ],
  "fuel_map_gps": [
    [
      0.0,
      0.0060880000000000005,
      0.0060880000000000005,
      0.0060880000000000005,
      0.0060880000000000005,
      0.0060880000000000005,
      0.0060880000000000005,
      0.0060880000000000005,
      0.0060880000000000005,
      0.0060880000000000005,
      0.0060880000000000005,
      0.0060880000000000005,
      0.0060880000000000005,
      0.0060880000000000005,
      0.0060880000000000005,
      0.0060880000000000005,
      0.0060880000000000005,
      0.0060880000000000005,
      0.0060880000000000005,
      0.0060880000000000005,
      0.0060880000000000005,
      0.0060880000000000005,
      0.0060880000000000005
    ],
    [
      0.0,
      0.005322989657118554,
      0.005322989657118554,
      0.005322989657118554,
      0.005322989657118554,
      0.005322989657118554,
      0.005322989657118554,
      0.005322989657118554,
      0.005322989657118554,
      0.005322989657118554,
      0.005322989657118554,
      0.005322989657118554,
      0.005322989657118554,
      0.005322989657118554,
      0.005322989657118554,
      0.005322989657118554,
      0.005322989657118554,
      0.005322989657118554,
      0.005322989657118554,
      0.005322989657118554,
      0.005322989657118554,
      0.005322989657118554,
      0.005322989657118554
    ],
    [
      0.0,
      0.004557979314237107,
      0.004557979314237107,
      0.004557979314237107,
      0.004557979314237107,
      0.004557979314237107,
      0.004557979314237107,
      0.004557979314237107,
      0.004557979314237107,
      0.004557979314237107,
      0.004557979314237107,
      0.004557979314237107,
      0.004557979314237107,
      0.004557979314237107,
      0.004557979314237107,
      0.004557979314237107,
      0.004557979314237107,
      0.004557979314237107,
      0.004557979314237107,
      0.004557979314237107,
      0.004557979314237107,
      0.004557979314237107,
      0.004557979314237107
    ],
    [
      0.0,
      0.0037929689713556607,
      0.0037929689713556607,
      0.0037929689713556607,
      0.0037929689713556607,
      0.0037929689713556607,
      0.0037929689713556607,
      0.0037929689713556607,
      0.0037929689713556607,
      0.0037929689713556607,
      0.0037929689713556607,
      0.0037929689713556607,
      0.0037929689713556607,
      0.0037929689713556607,
      0.0037929689713556607,
      0.0037929689713556607,
      0.0037929689713556607,
      0.0037929689713556607,
      0.0037929689713556607,
      0.0037929689713556607,
      0.0037929689713556607,
      0.0037929689713556607,
      0.0037929689713556607
    ],
    [
      0.0,
      0.0030279586284742144,
      0.0030279586284742144,
      0.0030279586284742144,
      0.0030279586284742144,
      0.0030279586284742144,
      0.0030279586284742144,
      0.0030279586284742144,
      0.0030279586284742144,
      0.0030279586284742144,
      0.0030279586284742144,
      0.0030279586284742144,
      0.0030279586284742144,
      0.0030279586284742144,
      0.0030279586284742144,
      0.0030279586284742144,
      0.0030279586284742144,
      0.0030279586284742144,
      0.0030279586284742144,
      0.0030279586284742144,
      0.0030279586284742144,
      0.0030279586284742144,
      0.0030279586284742144
    ],
    [
      0.0,
      0.0022629482855927676,
      0.0022629482855927676,
      0.0022629482855927676,
      0.0022629482855927676,
      0.0022629482855927676,
      0.0022629482855927676,
      0.0022629482855927676,
      0.0022629482855927676,
      0.0022629482855927676,
      0.0022629482855927676,
      0.0022629482855927676,
      0.0022629482855927676,
      0.0022629482855927676,
      0.0022629482855927676,
      0.0022629482855927676,
      0.0022629482855927676,
      0.0022629482855927676,
      0.0022629482855927676,
      0.0022629482855927676,
      0.0022629482855927676,
      0.0022629482855927676,
      0.0022629482855927676
    ],
    [
      0.0,
      0.3071210913664369,
      0.37068132560009925,
      0.43415141595855333,
      0.5009695386621636,
      0.566014650593016,
      0.6395797905119717,
      0.7182642085966617,
      0.8038637683831272,
      0.9136528779421234,
      0.9962043246468102,
      1.1032173043799764,
      1.2143389389505632,
      1.3174411651176283,
      1.4169821270307015,
      1.5028698717512174,
      1.5960098194587593,
      1.6934282185032723,
      1.7830810899456206,
      1.8769453686095736,
      1.9460878498097178,
      1.9991846218644351,
      2.046844355046054
    ],
    [
      0.0,
      0.769198255131525,
      0.9281099133562197,
      1.0867036987314809,
      1.2535875500656757,
      1.4160096382261593,
      1.599708607626718,
      1.7961288572940266,
      2.009983513087612,
      2.2845943551996313,
      2.491132412190172,
      2.759275340452512,
      3.055466507879028,
      3.31295184091575,
      3.5608524590027137,
      3.77470298514626,
      4.007272096678731,
      4.252169538640517,
      4.479552793113648,
      4.71939534222105,
      4.896132753079497,
      5.031675706101025,
      5.1529105558501245
    ],
    [
      0.0,
      1.217539028696777,
      1.468682886482813,
      1.719158153619466,
      1.9825980648908088,
      2.238966643391774,
      2.5289686671770486,
      2.8388508520908693,
      3.1766804394848744,
      3.611201215608773,
      3.9378836273106343,
      4.362754902302115,
