{
  "name": "Automation 7.3L V8 (IDW anchors)",
  "full_throttle_speed_radps": [
    0.0,
    83.77580409572782,
    114.02817779696286,
    144.2805514981979,
    174.53292519943295,
    204.78529890066798,
    235.03767260190304,
    265.2900463031381,
    295.5424200043732,
    325.7947937056082,
    356.0471674068432,
    386.2995411080783,
    416.55191480931336,
    446.8042885105484,
    477.05666221178336,
    507.30903591301853,
    537.5614096142535,
    567.8137833154885,
    598.0661570167235,
    628.3185307179587
  ],
  "full_throttle_torque_Nm": [
    0.0,
    0.0,
    576.3251467914024,
    608.2460078791582,
    636.0167954874121,
    658.1049349941725,
    673.237705802118,
    684.101943587116,
    687.9983535147568,
    681.8473602493655,
    673.9622682293402,
    663.699795634873,
    645.2990242209368,
    621.2601134481746,
    598.998583769461,
    576.7668826239261,
    551.0988179542377,
    519.7345257923571,
    474.08065630855725,
    0.0
  ],
  "closed_throttle_speed_radps": [
    0.0,
    83.77580409572782,
    157.07963267948966,
    261.79938779914943,
    366.51914291880917,
    471.238898038469,
    549.7787143782137,
    628.3185307179587,
    680.6784082777885
  ],
  "closed_throttle_torque_Nm": [
    -29.2,
    -40.412800000000004,
    -53.290000000000006,
    -76.64999999999999,
    -105.85000000000001,
    -140.89,
    -171.0025,
    -204.40000000000003,
    -228.49000000000004
  ],
  "fuel_map_speed_radps": [
    0.0,
    83.77580409572782,
    114.02817779696286,
    144.2805514981979,
    174.53292519943295,
    204.78529890066798,
    235.03767260190304,
    265.2900463031381,
    295.5424200043732,
    325.7947937056082,
    356.0471674068432,
    386.2995411080783,
    416.55191480931336,
    446.8042885105484,
    477.05666221178336,
    507.30903591301853,
    537.5614096142535,
    567.8137833154885,
    598.0661570167235,
    628.3185307179587
  ],
  "fuel_map_torque_Nm": [
    -228.49000000000004,
    -189.44298732832505,
    -150.39597465665008,
    -111.34896198497509,
    -72.3019493133001,
    -33.25493664162511,
    5.792076030049856,
    44.839088701724876,
    83.88610137339984,
    122.9331140450748,
    161.98012671674982,
    201.02713938842479,
    240.07415206009975,
    279.1211647317748,
    318.1681774034498,
    357.2151900751247,
    396.26220274679974,
    435.30921541847476,
    474.35622809014967,
    513.4032407618247,
    552.4502534334997,
    591.4972661051746,
    630.5442787768496,
    669.5912914485247,
    708.6383041201996
  ],
  "fuel_map_gps": [
    [
      0.0,
      0.32,
      0.4066666666666667,
      0.49333333333333335,
      0.58,
      0.6666666666666666,
      0.7533333333333332,
      0.84,
      0.9266666666666666,
      1.0133333333333334,
      1.1,
      1.1866666666666668,
      1.2733333333333334,
      1.36,
      1.4466666666666665,
      1.5333333333333334,
      1.62,
      1.7066666666666668,
      1.7933333333333332,
      1.88
    ],
    [
      0.0,
      0.32,
      0.4066666666666667,
      0.49333333333333335,
      0.58,
      0.6666666666666666,
      0.7533333333333332,
      0.84,
      0.9266666666666666,
      1.0133333333333334,
      1.1,
      1.1866666666666668,
      1.2733333333333334,
      1.36,
      1.4466666666666665,
      1.5333333333333334,
      1.62,
      1.7066666666666668,
      1.7933333333333332,
      1.88
    ],
    [
      0.0,
      0.32,
      0.4066666666666667,
      0.49333333333333335,
      0.58,
      0.6666666666666666,
      0.7533333333333332,
      0.84,
      0.9266666666666666,
      1.0133333333333334,
      1.1,
      1.1866666666666668,
      1.2733333333333334,
      1.36,
      1.4466666666666665,
      1.5333333333333334,
      1.62,
      1.7066666666666668,
      1.7933333333333332,
      1.88
    ],
    [
      0.0,
      0.32,
      0.4066666666666667,
      0.49333333333333335,
      0.58,
      0.6666666666666666,
      0.7533333333333332,
      0.84,
      0.9266666666666666,
      1.0133333333333334,
      1.1,
      1.1866666666666668,
      1.2733333333333334,
      1.36,
      1.4466666666666665,
      1.5333333333333334,
      1.62,
      1.7066666666666668,
      1.7933333333333332,
      1.88
    ],
    [
      0.0,
      0.32,
      0.4066666666666667,
      0.49333333333333335,
      0.58,
      0.6666666666666666,
      0.7533333333333332,
      0.84,
      0.9266666666666666,
      1.0133333333333334,
      1.1,
      1.1866666666666668,
      1.2733333333333334,
      1.36,
      1.4466666666666665,
      1.5333333333333334,
      1.62,
      1.7066666666666668,
      1.7933333333333332,
      1.88
    ],
    [
      0.0,
      0.32,
      0.4066666666666667,
      0.49333333333333335,
      0.58,
      0.6666666666666666,
      0.7533333333333332,
      0.84,
      0.9266666666666666,
      1.0133333333333334,
      1.1,
      1.1866666666666668,
      1.2733333333333334,
      1.36,
      1.4466666666666665,
      1.5333333333333334,
      1.62,
      1.7066666666666668,
      1.7933333333333332,
      1.88
    ],
    [
      0.0,
      0.17759906622284335,
      0.29096271443597455,
      0.2296931933923407,
      0.2010303711091955,
      0.20641161569348357,
      0.2708672677776877,
      0.33545162467132134,
      0.4364952254185274,
      0.6499485460644017,
      0.7996729806524918,
      0.9306838960053616,
      1.5879434992655246,
      1.1491746080470748,
      0.6932476115096189,
      0.5243629357124121,
      0.4813184112006385,
      0.4739355434557955,
      0.47976128563056514,
      0.45400439659007225
    ],
    [
      0.0,
      1.3748749571647176,
      2.1975926657980627,
      1.5552385594990148,
      1.404862552555781,
      1.478020469346143,
      1.6633185528421535,
      2.22725639346798,
      2.953917971004289,
      5.095138293888797,
      6.842928453236306,
      6.68088082687573,
      11.897292633301992,
      8.108697819353972,
      4.508182732843345,
      3.623167830370228,
      3.4620483211497945,
      3.2773538865349536,
      3.345492685634095,
      3.5146540383897724
    ],
    [
      0.0,
      2.57215084810659,
      1.6284565498154249,
      1.9935761166283936,
      2.228377606422684,
      2.4956519311516856,
      2.8388742112865524,
      3.317815979136391,
      3.926962341594625,
      5.294027538653975,
      7.596631992913248,
      8.743701258742025,
      10.231306407555113,
      8.745987926814495,
      6.671012721810081,
      5.778074205530331,
      5.930393906872312,
      6.01043497200353,
      6.124507597143976,
      6.575303680189468
    ],
    [
      0.0,
      3.7694267390484626,
      1.6366154113456879,
      2.2208174287694202,
      2.6353959681740142,
      2.9406173374617395,
      3.7818869285925834,
      4.370106199825616,
      4.791941015648277,
      5.304738919221744,
      6.926610121582468,
      8.244494278428443,
      9.254349515806743,
      8.759336102361587,
      7.675377074654098,
      8.383019533407115,
      8.872504495368988,
      8.638498977118317,
      8.759036383002284,
      9.635953321989165
    ],
    [
      0.0,
      4.966702629990337,
      2.097854329004559,
      2.656047542367207,
      3.1367079583196817,
      3.5563470228869525,
      4.145272411743302,
      5.056428788462937,
      6.080583886171341,
      6.78558159140891,
      7.672480184699337,
      8.345763117867655,
      9.043657388170754,
      8.284575151686346,
      9.025436393051512,
      10.49570589957004,
      11.069105404774414,
      10.837465995502303,
      10.739554090220869,
      12.696602963788864
    ],
    [
      0.0,
      6.1639785209322095,
      2.3631518290717923,
      2.930531915694673,
      3.5490631105745223,
      3.782397658967971,
      4.4295396533374864,
      5.49656371123772,
      6.4606833015758545,
      7.213721408040089,
      8.28689737310275,
      8.6649736697109,
      7.925152712234068,
      8.900819893860897,
      9.698562715838952,
