{
  "name": "Automation 7.3L V8 computed",
  "full_throttle_speed_radps": [
    0.0,
    83.77580409572782,
    114.02817779696286,
    144.2805514981979,
    174.53292519943295,
    204.78529890066798,
    235.03767260190304,
    265.2900463031381,
    295.5424200043732,
    325.7947937056082,
    356.0471674068432,
    386.2995411080783,
    416.55191480931336,
    446.8042885105484,
    477.05666221178336,
    507.30903591301853,
    537.5614096142535,
    567.8137833154885,
    598.0661570167235,
    628.3185307179587
  ],
  "full_throttle_torque_Nm": [
    0.0,
    0.0,
    576.3251467914024,
    608.2460078791582,
    636.0167954874121,
    658.1049349941725,
    673.237705802118,
    684.101943587116,
    687.9983535147568,
    681.8473602493655,
    673.9622682293402,
    663.699795634873,
    645.2990242209368,
    621.2601134481746,
    598.998583769461,
    576.7668826239261,
    551.0988179542377,
    519.7345257923571,
    474.08065630855725,
    0.0
  ],
  "closed_throttle_speed_radps": [
    0.0,
    83.77580409572782,
    157.07963267948966,
    261.79938779914943,
    366.51914291880917,
    471.238898038469,
    549.7787143782137,
    628.3185307179587,
    680.6784082777885
  ],
  "closed_throttle_torque_Nm": [
    -29.2,
    -40.412800000000004,
    -53.290000000000006,
    -76.64999999999999,
    -105.85000000000001,
    -140.89,
    -171.0025,
    -204.40000000000003,
    -228.49000000000004
  ],
  "fuel_map_speed_radps": [
    0.0,
    83.77580409572782,
    114.02817779696286,
    144.2805514981979,
    174.53292519943295,
    204.78529890066798,
    235.03767260190304,
    265.2900463031381,
    295.5424200043732,
    325.7947937056082,
    356.0471674068432,
    386.2995411080783,
    416.55191480931336,
    446.8042885105484,
    477.05666221178336,
    507.30903591301853,
    537.5614096142535,
    567.8137833154885,
    598.0661570167235,
    628.3185307179587
  ],
  "fuel_map_torque_Nm": [
    -228.49000000000004,
    -189.44298732832505,
    -150.39597465665008,
    -111.34896198497509,
    -72.3019493133001,
    -33.25493664162511,
    5.792076030049856,
    44.839088701724876,
    83.88610137339984,
    122.9331140450748,
    161.98012671674982,
    201.02713938842479,
    240.07415206009975,
    279.1211647317748,
    318.1681774034498,
    357.2151900751247,
    396.26220274679974,
    435.30921541847476,
    474.35622809014967,
    513.4032407618247,
    552.4502534334997,
    591.4972661051746,
    630.5442787768496,
    669.5912914485247,
    708.6383041201996
  ],
  "fuel_map_gps": [
    [
      0.0,
      0.32,
      0.4066666666666667,
      0.49333333333333335,
      0.58,
      0.6666666666666666,
      0.7533333333333332,
      0.84,
      0.9266666666666666,
      1.0133333333333334,
      1.1,
      1.1866666666666668,
      1.2733333333333334,
      1.36,
      1.4466666666666665,
      1.5333333333333334,
      1.62,
      1.7066666666666668,
      1.7933333333333332,
      1.88
    ],
    [
      0.0,
      0.32,
      0.4066666666666667,
      0.49333333333333335,
      0.58,
      0.6666666666666666,
      0.7533333333333332,
      0.84,
      0.9266666666666666,
      1.0133333333333334,
      1.1,
      1.1866666666666668,
      1.2733333333333334,
      1.36,
      1.4466666666666665,
      1.5333333333333334,
      1.62,
      1.7066666666666668,
      1.7933333333333332,
      1.88
    ],
    [
      0.0,
      0.32,
      0.4066666666666667,
      0.49333333333333335,
      0.58,
      0.6666666666666666,
      0.7533333333333332,
      0.84,
      0.9266666666666666,
      1.0133333333333334,
      1.1,
      1.1866666666666668,
      1.2733333333333334,
      1.36,
      1.4466666666666665,
      1.5333333333333334,
      1.62,
      1.7066666666666668,
      1.7933333333333332,
      1.88
    ],
    [
      0.0,
      0.32,
      0.4066666666666667,
      0.49333333333333335,
      0.58,
      0.6666666666666666,
      0.7533333333333332,
      0.84,
      0.9266666666666666,
      1.0133333333333334,
      1.1,
      1.1866666666666668,
      1.2733333333333334,
      1.36,
      1.4466666666666665,
      1.5333333333333334,
      1.62,
      1.7066666666666668,
      1.7933333333333332,
      1.88
    ],
    [
      0.0,
      0.32,
      0.4066666666666667,
      0.49333333333333335,
      0.58,
      0.6666666666666666,
      0.7533333333333332,
      0.84,
      0.9266666666666666,
      1.0133333333333334,
      1.1,
      1.1866666666666668,
      1.2733333333333334,
      1.36,
      1.4466666666666665,
      1.5333333333333334,
      1.62,
      1.7066666666666668,
      1.7933333333333332,
      1.88
    ],
    [
      0.0,
      0.32,
      0.4066666666666667,
      0.49333333333333335,
      0.58,
      0.6666666666666666,
      0.7533333333333332,
      0.84,
      0.9266666666666666,
      1.0133333333333334,
      1.1,
      1.1866666666666668,
      1.2733333333333334,
      1.36,
      1.4466666666666665,
      1.5333333333333334,
      1.62,
      1.7066666666666668,
      1.7933333333333332,
      1.88
    ],
    [
      0.0,
      0.051873123813119246,
      0.0859169856876923,
      0.10870416420592599,
      0.13148558829715046,
      0.1542567825311387,
      0.17700667738844095,
      0.1997119319928639,
      0.22233206445359033,
      0.244812119633366,
      0.2671016353622379,
      0.28918730053605524,
      0.3111269398240832,
      0.33306494005690973,
      0.355203710612246,
      0.37772936472527446,
      0.401015180554675,
      0.42489098042898416,
      0.44879926197865155,
      0.46199053792947703
    ],
    [
      0.0,
      0.4015733888548404,
      0.6648976168765492,
      0.8411641245598825,
      1.0173419256452008,
      1.19337767244216,
      1.3691309308994952,
      1.5443077444433762,
      1.7183646853822887,
      1.890515181561568,
      2.060069001781887,
      2.2267588327960497,
      2.3910578196556154,
      2.554705921132804,
      2.7207380122639515,
      2.891894942015546,
      3.073853619917973,
      3.2648941655097254,
      3.456947769242608,
      3.576478382207822
    ],
    [
      0.0,
      0.751273653896561,
      1.2427365184504546,
      1.5718739782520152,
      1.900703108282117,
      2.229085149678922,
      2.5566156929282045,
      2.8824713213713005,
      3.204976893412824,
      3.521582325446327,
      3.83022119365399,
      4.129875395870078,
      4.421221190892167,
      4.709080350714333,
      5.003450506864718,
      5.313117371540244,
      5.656887946612052,
      6.031158459766769,
      6.410010235342146,
      6.690966226486162
    ],
    [
      0.0,
      1.1009739189382814,
      1.8168876948850243,
      2.2971914409866585,
      2.7767156384677185,
      3.255212101741707,
      3.7318263871836215,
      4.204935810627139,
      4.67069433680414,
      5.123019406870227,
      5.557609893344501,
      5.971883738308119,
      6.366008746986063,
      6.750145880932534,
      7.147929329581128,
      7.579265799480378,
      8.08823532547486,
      8.670001946422587,
      9.265173123826644,
      9.805454070764501
    ],
    [
      0.0,
      1.4506741839800028,
      2.3811417643808555,
      3.008485116482955,
      3.6341891771366344,
      4.257930359394959,
      4.878198860842752,
      5.492540831896625,
      6.093410175484834,
      6.668542814244851,
      7.211068593961957,
      7.715801030387209,
      8.181141202030703,
      8.626040668087679,
      9.096677151176266,
      9.629688002899575,
      10.309291943329422,
      11.131370375569057,
      11.985104557333067,
      12.919941915042847
    ],
    [
