{
  "name": "Automation Stock LQ4",
  "full_throttle_speed_radps": [
    0.0,
    83.77580409572782,
    114.02817779696286,
    144.2805514981979,
    174.53292519943295,
    204.78529890066798,
    235.03767260190304,
    265.2900463031381,
    295.5424200043732,
    325.7947937056082,
    356.0471674068432,
    386.2995411080783,
    416.55191480931336,
    446.8042885105484,
    477.05666221178336,
    507.30903591301853,
    537.5614096142535,
    567.8137833154885,
    598.0661570167235,
    628.3185307179587
  ],
  "full_throttle_torque_Nm": [
    0.0,
    0.0,
    431.1388347050312,
    461.01301410041157,
    488.51934127343264,
    509.7091298575484,
    525.1280239554029,
    539.0890387556749,
    547.9915997993324,
    554.7415617590191,
    558.7042521429619,
    553.8012456542033,
    546.4299955684594,
    536.5547903993528,
    523.67601946657,
    508.439014649765,
    490.8613208235279,
    472.4856457507463,
    447.09072015231584,
    0.0
  ],
  "closed_throttle_speed_radps": [
    0.0,
    83.77580409572782,
    157.07963267948966,
    261.79938779914943,
    366.51914291880917,
    471.238898038469,
    549.7787143782137,
    628.3185307179587
  ],
  "closed_throttle_torque_Nm": [
    -24.0,
    -33.216,
    -43.800000000000004,
    -63.0,
    -87.00000000000001,
    -115.79999999999998,
    -140.55,
    -168.00000000000003
  ],
  "fuel_map_speed_radps": [
    0.0,
    83.77580409572782,
    114.02817779696286,
    144.2805514981979,
    174.53292519943295,
    204.78529890066798,
    235.03767260190304,
    265.2900463031381,
    295.5424200043732,
    325.7947937056082,
    356.0471674068432,
    386.2995411080783,
    416.55191480931336,
    446.8042885105484,
    477.05666221178336,
    507.30903591301853,
    537.5614096142535,
    567.8137833154885,
    598.0661570167235,
    628.3185307179587
  ],
  "fuel_map_torque_Nm": [
    -168.00000000000003,
    -137.02227584553125,
    -106.04455169106245,
    -75.06682753659368,
    -44.08910338212489,
    -13.111379227656101,
    17.866344926812673,
    48.844069081281475,
    79.82179323575025,
    110.79951739021905,
    141.77724154468783,
    172.7549656991566,
    203.73268985362537,
    234.71041400809415,
    265.68813816256295,
    296.6658623170317,
    327.6435864715005,
    358.6213106259694,
    389.59903478043816,
    420.57675893490693,
    451.5544830893757,
    482.5322072438445,
    513.5099313983133,
    544.487655552782,
    575.4653797072508
  ],
  "fuel_map_gps": [
    [
      0.0,
      0.32,
      0.4066666666666667,
      0.49333333333333335,
      0.58,
      0.6666666666666666,
      0.7533333333333332,
      0.84,
      0.9266666666666666,
      1.0133333333333334,
      1.1,
      1.1866666666666668,
      1.2733333333333334,
      1.36,
      1.4466666666666665,
      1.5333333333333334,
      1.62,
      1.7066666666666668,
      1.7933333333333332,
      1.88
    ],
    [
      0.0,
      0.32,
      0.4066666666666667,
      0.49333333333333335,
      0.58,
      0.6666666666666666,
      0.7533333333333332,
      0.84,
      0.9266666666666666,
      1.0133333333333334,
      1.1,
      1.1866666666666668,
      1.2733333333333334,
      1.36,
      1.4466666666666665,
      1.5333333333333334,
      1.62,
      1.7066666666666668,
      1.7933333333333332,
      1.88
    ],
    [
      0.0,
      0.32,
      0.4066666666666667,
      0.49333333333333335,
      0.58,
      0.6666666666666666,
      0.7533333333333332,
      0.84,
      0.9266666666666666,
      1.0133333333333334,
      1.1,
      1.1866666666666668,
      1.2733333333333334,
      1.36,
      1.4466666666666665,
      1.5333333333333334,
      1.62,
      1.7066666666666668,
      1.7933333333333332,
      1.88
    ],
    [
      0.0,
      0.32,
      0.4066666666666667,
      0.49333333333333335,
      0.58,
      0.6666666666666666,
      0.7533333333333332,
      0.84,
      0.9266666666666666,
      1.0133333333333334,
      1.1,
      1.1866666666666668,
      1.2733333333333334,
      1.36,
      1.4466666666666665,
      1.5333333333333334,
      1.62,
      1.7066666666666668,
      1.7933333333333332,
      1.88
    ],
    [
      0.0,
      0.32,
      0.4066666666666667,
      0.49333333333333335,
      0.58,
      0.6666666666666666,
      0.7533333333333332,
      0.84,
      0.9266666666666666,
      1.0133333333333334,
      1.1,
      1.1866666666666668,
      1.2733333333333334,
      1.36,
      1.4466666666666665,
      1.5333333333333334,
      1.62,
      1.7066666666666668,
      1.7933333333333332,
      1.88
    ],
    [
      0.0,
      0.32,
      0.4066666666666667,
      0.49333333333333335,
      0.58,
      0.6666666666666666,
      0.7533333333333332,
      0.84,
      0.9266666666666666,
      1.0133333333333334,
      1.1,
      1.1866666666666668,
      1.2733333333333334,
      1.36,
      1.4466666666666665,
      1.5333333333333334,
      1.62,
      1.7066666666666668,
      1.7933333333333332,
      1.88
    ],
    [
      0.0,
      0.2790546041592725,
      0.37102194179977066,
      0.46018984067892393,
      0.5453199841861707,
      0.6307932337659935,
      0.7357052343162479,
      0.8681032277797638,
      1.0260342115383825,
      1.1650758075057597,
      1.3253727099549644,
      1.4591160179044484,
      1.6144885334646781,
      1.8119589320976655,
      1.8886657901676702,
      2.085892113781126,
      2.285760442336267,
      2.5222116678231914,
      2.8126219003668465,
      2.876694978829001
    ],
    [
      0.0,
      0.7628959599089505,
      1.0206055522566968,
      1.2050887691976009,
      1.4242061862253839,
      1.7162527928639684,
      1.976701389028231,
      2.351100942088451,
      2.8305793716206598,
      3.268775865533357,
      3.736942704864353,
      4.058310869858209,
      4.6274075294763275,
      4.6849490723367255,
      5.068896428587904,
      5.707232874443494,
      6.299461862567061,
      7.315752667360558,
      7.527084978356245,
      7.86447865230854
    ],
    [
      0.0,
      1.246737315658628,
      1.4851275855292683,
      1.7801213233303057,
      2.1870927426058215,
      2.5407931854119954,
      3.0336216908871942,
      3.5639928077514327,
      4.0289471367534775,
      4.543770977319434,
      5.183767756687785,
      5.897700318670653,
      6.317216868554203,
      7.002228665797205,
      7.523528092239977,
      8.202098209179605,
      8.979386424730889,
      10.099469649788617,
      11.007630393239284,
      12.852262325788075
    ],
    [
      0.0,
      1.730578671408306,
      1.5797525169192168,
      1.9487483772137053,
      2.3715195017510107,
      2.7657987715267547,
      3.293046533933422,
      3.716404600882658,
      4.327031926787476,
      4.855144914798601,
      5.495408386827428,
      6.0955863678810935,
      6.631351529696902,
      7.204317758417783,
      7.607371296660954,
      8.485770836137135,
      9.241234500328304,
      10.299579879931681,
      11.012886914926264,
      17.840045999267616
    ],
    [
      0.0,
      2.2144200271579835,
      1.8534656261351077,
      2.2903540683736994,
      2.762151441439034,
      3.260914437261865,
      3.84570735062147,
      4.401506430565048,
      5.045790017934614,
      5.661622898954679,
      6.395247902982952,
      7.10566955570356,
      7.719677545665449,
      8.317532460577935,
      8.901973892110094,
      9.845120868710318,
      10.659808515211932,
      11.780073064751162,
      12.662134286550428,
      22.82782967274715
    ],
    [
      0.0,
      2.698261382907661,
      2.0025212855028527,
