{
  "name": "Automation 7.3L V8",
  "full_throttle_speed_radps": [
    0.0,
    104.71975511965977,
    128.51969946503698,
    152.3196438104142,
    176.11958815579146,
    199.91953250116865,
    223.7194768465459,
    247.5194211919231,
    271.3193655373003,
    295.11930988267756,
    318.91925422805474,
    342.719198573432,
    366.51914291880917,
    390.3190872641864,
    414.11903160956365,
    437.9189759549409,
    461.7189203003181,
    485.51886464569526,
    509.31880899107256,
    533.1187533364497,
    556.918697681827,
    580.7186420272043,
    604.5185863725815,
    628.3185307179587
  ],
  "full_throttle_torque_Nm": [
    0.0,
    565.0391175755402,
    592.1934082081576,
    616.1061089956365,
    637.3252914963819,
    655.4950407380043,
    668.1602751583,
    678.8371152971695,
    685.7924432757703,
    688.0378973671229,
    683.8373089490832,
    677.0024532180353,
    671.5735514525084,
    661.7463293279835,
    647.27485325813,
    628.0363479896438,
    609.8857197535656,
    593.0230683007933,
    575.2373829056198,
    555.20207416447,
    531.7230280531088,
    503.235993229447,
    461.05491133913637,
    0.0
  ],
  "closed_throttle_speed_radps": [
    0.0,
    104.71975511965977,
    366.51914291880917,
    549.7787143782137,
    628.3185307179587
  ],
  "closed_throttle_torque_Nm": [
    -29.2,
    -42.705,
    -98.82374999999999,
    -157.1096875,
    -186.88
  ],
  "fuel_map_speed_radps": [
    0.0,
    104.71975511965977,
    128.51969946503698,
    152.3196438104142,
    176.11958815579146,
    199.91953250116865,
    223.7194768465459,
    247.5194211919231,
    271.3193655373003,
    295.11930988267756,
    318.91925422805474,
    342.719198573432,
    366.51914291880917,
    390.3190872641864,
    414.11903160956365,
    437.9189759549409,
    461.7189203003181,
    485.51886464569526,
    509.31880899107256,
    533.1187533364497,
    556.918697681827,
    580.7186420272043,
    604.5185863725815,
    628.3185307179587
  ],
  "fuel_map_torque_Nm": [
    -186.88,
    -149.43838524261824,
    -111.99677048523647,
    -74.5551557278547,
    -37.11354097047294,
    0.32807378690881706,
    37.7696885442906,
    75.21130330167233,
    112.65291805905412,
    150.0945328164359,
    187.53614757381763,
    224.97776233119941,
    262.4193770885812,
    299.86099184596293,
    337.30260660334466,
    374.74422136072644,
    412.1858361181082,
    449.62745087549,
    487.0690656328718,
    524.5106803902535,
    561.9522951476353,
    599.393909905017,
    636.8355246623988,
    674.2771394197805
  ],
  "fuel_map_gps": [
    [
      0.48000000000000004,
      0.5709090909090909,
      0.6618181818181817,
      0.7527272727272728,
      0.8436363636363636,
      0.9345454545454546,
      1.0254545454545456,
      1.1163636363636364,
      1.2072727272727273,
      1.2981818181818183,
      1.3890909090909094,
      1.4800000000000002,
      1.570909090909091,
      1.6618181818181819,
      1.752727272727273,
      1.8436363636363637,
      1.9345454545454546,
      2.025454545454546,
      2.1163636363636367,
      2.2072727272727275,
      2.2981818181818188,
      2.389090909090909,
      2.48,
      0.0
    ],
    [
      0.48000000000000004,
      0.5709090909090909,
      0.6618181818181817,
      0.7527272727272728,
      0.8436363636363636,
      0.9345454545454546,
      1.0254545454545456,
      1.1163636363636364,
      1.2072727272727273,
      1.2981818181818183,
      1.3890909090909094,
      1.4800000000000002,
      1.570909090909091,
      1.6618181818181819,
      1.752727272727273,
      1.8436363636363637,
      1.9345454545454546,
      2.025454545454546,
      2.1163636363636367,
      2.2072727272727275,
      2.2981818181818188,
      2.389090909090909,
      2.48,
      0.0
    ],
    [
      0.48000000000000004,
      0.5709090909090909,
      0.6618181818181817,
      0.7527272727272728,
      0.8436363636363636,
      0.9345454545454546,
      1.0254545454545456,
      1.1163636363636364,
      1.2072727272727273,
      1.2981818181818183,
      1.3890909090909094,
      1.4800000000000002,
      1.570909090909091,
      1.6618181818181819,
      1.752727272727273,
      1.8436363636363637,
      1.9345454545454546,
      2.025454545454546,
      2.1163636363636367,
      2.2072727272727275,
      2.2981818181818188,
      2.389090909090909,
      2.48,
      0.0
    ],
    [
      0.48000000000000004,
      0.5709090909090909,
      0.6618181818181817,
      0.7527272727272728,
      0.8436363636363636,
      0.9345454545454546,
      1.0254545454545456,
      1.1163636363636364,
      1.2072727272727273,
      1.2981818181818183,
      1.3890909090909094,
      1.4800000000000002,
      1.570909090909091,
      1.6618181818181819,
      1.752727272727273,
      1.8436363636363637,
      1.9345454545454546,
      2.025454545454546,
      2.1163636363636367,
      2.2072727272727275,
      2.2981818181818188,
      2.389090909090909,
      2.48,
      0.0
    ],
    [
      0.48000000000000004,
      0.5709090909090909,
      0.6618181818181817,
      0.7527272727272728,
      0.8436363636363636,
      0.9345454545454546,
      1.0254545454545456,
      1.1163636363636364,
      1.2072727272727273,
      1.2981818181818183,
      1.3890909090909094,
      1.4800000000000002,
      1.570909090909091,
      1.6618181818181819,
      1.752727272727273,
      1.8436363636363637,
      1.9345454545454546,
      2.025454545454546,
      2.1163636363636367,
      2.2072727272727275,
      2.2981818181818188,
      2.389090909090909,
      2.48,
      0.0
    ],
    [
      0.040229281763783084,
      0.04937230034646106,
      0.05851531892913903,
      0.06765833751181702,
      0.07680135609449498,
      0.08594437467717297,
      0.09508739325985095,
      0.10423041184252892,
      0.1133734304252069,
      0.08491643250129967,
      0.13165946759056285,
      0.0992519928167669,
      0.14994550475591878,
      0.11122163996883289,
      0.16823154192127476,
      0.1773745605039527,
      0.13039778479104544,
      0.19566059766930868,
      0.20480361625198662,
      0.14828690451719495,
      0.22308965341734263,
      0.2322326720000206,
      0.24137569058269853,
      0.0
    ],
    [
      3.2646983746384652,
      3.9737970035066095,
      6.736610662642418,
      7.789206078680298,
      8.841801494718174,
      9.894396910756054,
      10.946992326793932,
      11.999587742831809,
      13.052183158869688,
      14.104778574907565,
      10.505610763467676,
      11.332680343333664,
      17.262564823021197,
      12.804457011299077,
      19.367755655096957,
      20.420351071134835,
      21.472946487172713,
      22.52554190321059,
      23.578137319248466,
      17.121661285700522,
      25.683328151324226,
      26.735923567362104,
      27.78851898339998,
      0.0
    ],
    [
      9.222610379369534,
      11.31865819286261,
      13.414706006355686,
      15.510753819848768,
      17.606801633341842,
      19.70284944683492,
      21.798897260327998,
      23.894945073821066,
      25.99099288731415,
      28.087040700807222,
      20.919968047232448,
      32.279136327793374,
      34.375184141286454,
      36.47123195477953,
      38.56727976827261,
      40.66332758176568,
      42.75937539525876,
      44.85542320875184,
      46.95147102224491,
      49.04751883573798,
      51.143566649231076,
      53.23961446272415,
      55.33566227621722,
      0.0
    ],
    [
      9.737379699448667,
      16.95330113912069,
      20.092801350068964,
      23.23230156101725,
      26.37180177196552,
      29.5113019829138,
