{
  "name": "Automation 7.3L V8 computed",
  "full_throttle_speed_radps": [
    0.0,
    83.77580409572782,
    114.02817779696286,
    144.2805514981979,
    174.53292519943295,
    204.78529890066798,
    235.03767260190304,
    265.2900463031381,
    295.5424200043732,
    325.7947937056082,
    356.0471674068432,
    386.2995411080783,
    416.55191480931336,
    446.8042885105484,
    477.05666221178336,
    507.30903591301853,
    537.5614096142535,
    567.8137833154885,
    598.0661570167235,
    628.3185307179587
  ],
  "full_throttle_torque_Nm": [
    0.0,
    0.0,
    576.3251467914024,
    608.2460078791582,
    636.0167954874121,
    658.1049349941725,
    673.237705802118,
    684.101943587116,
    687.9983535147568,
    681.8473602493655,
    673.9622682293402,
    663.699795634873,
    645.2990242209368,
    621.2601134481746,
    598.998583769461,
    576.7668826239261,
    551.0988179542377,
    519.7345257923571,
    474.08065630855725,
    0.0
  ],
  "closed_throttle_speed_radps": [
    0.0,
    83.77580409572782,
    157.07963267948966,
    261.79938779914943,
    366.51914291880917,
    471.238898038469,
    549.7787143782137,
    628.3185307179587,
    680.6784082777885
  ],
  "closed_throttle_torque_Nm": [
    -29.2,
    -40.412800000000004,
    -53.290000000000006,
    -76.64999999999999,
    -105.85000000000001,
    -140.89,
    -171.0025,
    -204.40000000000003,
    -228.49000000000004
  ],
  "fuel_map_speed_radps": [
    0.0,
    83.77580409572782,
    114.02817779696286,
    144.2805514981979,
    174.53292519943295,
    204.78529890066798,
    235.03767260190304,
    265.2900463031381,
    295.5424200043732,
    325.7947937056082,
    356.0471674068432,
    386.2995411080783,
    416.55191480931336,
    446.8042885105484,
    477.05666221178336,
    507.30903591301853,
    537.5614096142535,
    567.8137833154885,
    598.0661570167235,
    628.3185307179587
  ],
  "fuel_map_torque_Nm": [
    -228.49000000000004,
    -189.44298732832505,
    -150.39597465665008,
    -111.34896198497509,
    -72.3019493133001,
    -33.25493664162511,
    5.792076030049856,
    44.839088701724876,
    83.88610137339984,
    122.9331140450748,
    161.98012671674982,
    201.02713938842479,
    240.07415206009975,
    279.1211647317748,
    318.1681774034498,
    357.2151900751247,
    396.26220274679974,
    435.30921541847476,
    474.35622809014967,
    513.4032407618247,
    552.4502534334997,
    591.4972661051746,
    630.5442787768496,
    669.5912914485247,
    708.6383041201996
  ],
  "fuel_map_gps": [
    [
      0.0,
      0.32,
      0.4066666666666667,
      0.49333333333333335,
      0.58,
      0.6666666666666666,
      0.7533333333333332,
      0.84,
      0.9266666666666666,
      1.0133333333333334,
      1.1,
      1.1866666666666668,
      1.2733333333333334,
      1.36,
      1.4466666666666665,
      1.5333333333333334,
      1.62,
      1.7066666666666668,
      1.7933333333333332,
      1.88
    ],
    [
      0.0,
      0.32,
      0.4066666666666667,
      0.49333333333333335,
      0.58,
      0.6666666666666666,
      0.7533333333333332,
      0.84,
      0.9266666666666666,
      1.0133333333333334,
      1.1,
      1.1866666666666668,
      1.2733333333333334,
      1.36,
      1.4466666666666665,
      1.5333333333333334,
      1.62,
      1.7066666666666668,
      1.7933333333333332,
      1.88
    ],
    [
      0.0,
      0.32,
      0.4066666666666667,
      0.49333333333333335,
      0.58,
      0.6666666666666666,
      0.7533333333333332,
      0.84,
      0.9266666666666666,
      1.0133333333333334,
      1.1,
      1.1866666666666668,
      1.2733333333333334,
      1.36,
      1.4466666666666665,
      1.5333333333333334,
      1.62,
      1.7066666666666668,
      1.7933333333333332,
      1.88
    ],
    [
      0.0,
      0.32,
      0.4066666666666667,
      0.49333333333333335,
      0.58,
      0.6666666666666666,
      0.7533333333333332,
      0.84,
      0.9266666666666666,
      1.0133333333333334,
      1.1,
      1.1866666666666668,
      1.2733333333333334,
      1.36,
      1.4466666666666665,
      1.5333333333333334,
      1.62,
      1.7066666666666668,
      1.7933333333333332,
      1.88
    ],
    [
      0.0,
      0.32,
      0.4066666666666667,
      0.49333333333333335,
      0.58,
      0.6666666666666666,
      0.7533333333333332,
      0.84,
      0.9266666666666666,
      1.0133333333333334,
      1.1,
      1.1866666666666668,
      1.2733333333333334,
      1.36,
      1.4466666666666665,
      1.5333333333333334,
      1.62,
      1.7066666666666668,
      1.7933333333333332,
      1.88
    ],
    [
      0.0,
      0.32,
      0.4066666666666667,
      0.49333333333333335,
      0.58,
      0.6666666666666666,
      0.7533333333333332,
      0.84,
      0.9266666666666666,
      1.0133333333333334,
      1.1,
      1.1866666666666668,
      1.2733333333333334,
      1.36,
      1.4466666666666665,
      1.5333333333333334,
      1.62,
      1.7066666666666668,
      1.7933333333333332,
      1.88
    ],
    [
      0.0,
      0.05237294622777269,
      0.08591774370570344,
      0.10870565341749736,
      0.13148853151659812,
      0.1542629426771281,
      0.17702028767868067,
      0.19974220167862097,
      0.22239651883892608,
      0.24493928070165372,
      0.2673298677420597,
      0.28955715061315246,
      0.31166701125403873,
      0.33377517392559514,
      0.35604451697602846,
      0.3786250645005384,
      0.401817376451484,
      0.425483305970348,
      0.4491738112689704,
      0.46399784110256403
    ],
    [
      0.0,
      0.40544274096097344,
      0.6649158521868079,
      0.8411965325846877,
      1.0173989766223577,
      1.1934834652625705,
      1.3693422188456659,
      1.5447464711785057,
      1.7192646057426801,
      1.892265946346207,
      2.063195987168817,
      2.2318299978936795,
      2.3985340797671046,
      2.564702569745606,
      2.7327872625966987,
      2.9050085418672094,
      3.085958291258095,
      3.274218202002935,
      3.4632567043104787,
      3.592017826884021
    ],
    [
      0.0,
      0.7585125356941738,
      1.2428342318410295,
      1.5720347822820155,
      1.9009614698330362,
      2.2295161593802124,
      2.5573931882106606,
      2.8839636923661263,
      3.2078960502618714,
      3.5271370629645333,
      3.840034096246549,
      4.145718831232987,
      4.444656933117293,
      4.7407087781024755,
      5.042000787262449,
      5.355706734165098,
      5.697153875419725,
      6.063267416024153,
      6.432893203205111,
      6.720037812665474
    ],
    [
      0.0,
      1.111582330427374,
      1.8172628848690386,
      2.297774124220722,
      2.7775889593116725,
      3.2565482592203443,
      3.734018491286575,
      4.2088033435639245,
      4.677836878419686,
      5.136189446732166,
      5.580456375858784,
      6.008385200538393,
      6.419811874634156,
      6.822859165450917,
      7.236910980059926,
      7.678406441192676,
      8.183666338011594,
      8.748224298658366,
      9.323005596231178,
      9.848057798446927
    ],
    [
      0.0,
      1.4646521251605746,
      2.382318873431783,
      3.010237186769712,
      3.636683763776497,
      4.261498901276348,
      4.883590606827826,
      5.50128647268588,
      6.108538478780307,
      6.695312332983578,
      7.256306749184852,
      7.786856044566722,
      8.284773810371226,
      8.76520700046474,
      9.266501844285218,
      9.819355386000092,
      10.494147696383784,
      11.286088894728135,
      12.102061396906162,
      12.976077784228382
    ],
    [
