{
  "name": "Ford 7.3L V8 (Approx from plot)",
  "full_throttle_speed_radps": [
    0.0,
    104.71975511965977,
    128.51969946503698,
    152.3196438104142,
    176.11958815579146,
    199.91953250116865,
    223.7194768465459,
    247.5194211919231,
    271.3193655373003,
    295.11930988267756,
    318.91925422805474,
    342.719198573432,
    366.51914291880917,
    390.3190872641864,
    414.11903160956365,
    437.9189759549409,
    461.7189203003181,
    485.51886464569526,
    509.31880899107256,
    533.1187533364497,
    556.918697681827,
    580.7186420272043,
    604.5185863725815,
    628.3185307179587
  ],
  "full_throttle_torque_Nm": [
    0.0,
    688.2131905730189,
    688.2131905730189,
    688.2131905730189,
    688.2131905730189,
    688.2131905730189,
    688.2131905730189,
    688.2131905730189,
    688.2131905730189,
    688.2131905730189,
    688.2131905730189,
    688.2131905730189,
    688.2131905730189,
    688.2131905730189,
    688.2131905730189,
    688.2131905730189,
    688.2131905730189,
    688.2131905730189,
    688.2131905730189,
    688.2131905730189,
    688.2131905730189,
    688.2131905730189,
    688.2131905730189,
    688.2131905730189
  ],
  "closed_throttle_speed_radps": [
    0.0,
    104.71975511965977,
    366.51914291880917,
    549.7787143782137,
    628.3185307179587
  ],
  "closed_throttle_torque_Nm": [
    -42.705,
    -98.82374999999999,
    -157.1096875,
    -186.88
  ],
  "fuel_map_speed_radps": [
    0.0,
    104.71975511965977,
    128.51969946503698,
    152.3196438104142,
    176.11958815579146,
    199.91953250116865,
    223.7194768465459,
    247.5194211919231,
    271.3193655373003,
    295.11930988267756,
    318.91925422805474,
    342.719198573432,
    366.51914291880917,
    390.3190872641864,
    414.11903160956365,
    437.9189759549409,
    461.7189203003181,
    485.51886464569526,
    509.31880899107256,
    533.1187533364497,
    556.918697681827,
    580.7186420272043,
    604.5185863725815,
    628.3185307179587
  ],
  "fuel_map_torque_Nm": [
    -186.88,
    -149.43091622775833,
    -111.98183245551665,
    -74.53274868327497,
    -37.08366491103331,
    0.36541886120835443,
    37.81450263345005,
    75.26358640569168,
    112.71267017793338,
    150.16175395017507,
    187.6108377224167,
    225.0599214946584,
    262.5090052669001,
    299.9580890391417,
    337.40717281138336,
    374.85625658362505,
    412.30534035586675,
    449.75442412810844,
    487.20350790035013,
    524.6525916725917,
    562.1016754448334,
    599.5507592170751,
    636.9998429893168,
    674.4489267615585
  ],
  "fuel_map_gps": [
    [
      0.48000000000000004,
      0.5709090909090909,
      0.6618181818181817,
      0.7527272727272728,
      0.8436363636363636,
      0.9345454545454546,
      1.0254545454545456,
      1.1163636363636364,
      1.2072727272727273,
      1.2981818181818183,
      1.3890909090909094,
      1.4800000000000002,
      1.570909090909091,
      1.6618181818181819,
      1.752727272727273,
      1.8436363636363637,
      1.9345454545454546,
      2.025454545454546,
      2.1163636363636367,
      2.2072727272727275,
      2.2981818181818188,
      2.389090909090909,
      2.48
    ],
    [
      0.48000000000000004,
      0.5709090909090909,
      0.6618181818181817,
      0.7527272727272728,
      0.8436363636363636,
      0.9345454545454546,
      1.0254545454545456,
      1.1163636363636364,
      1.2072727272727273,
      1.2981818181818183,
      1.3890909090909094,
      1.4800000000000002,
      1.570909090909091,
      1.6618181818181819,
      1.752727272727273,
      1.8436363636363637,
      1.9345454545454546,
      2.025454545454546,
      2.1163636363636367,
      2.2072727272727275,
      2.2981818181818188,
      2.389090909090909,
      2.48
    ],
    [
      0.48000000000000004,
      0.5709090909090909,
      0.6618181818181817,
      0.7527272727272728,
      0.8436363636363636,
      0.9345454545454546,
      1.0254545454545456,
      1.1163636363636364,
      1.2072727272727273,
      1.2981818181818183,
      1.3890909090909094,
      1.4800000000000002,
      1.570909090909091,
      1.6618181818181819,
      1.752727272727273,
      1.8436363636363637,
      1.9345454545454546,
      2.025454545454546,
      2.1163636363636367,
      2.2072727272727275,
      2.2981818181818188,
      2.389090909090909,
      2.48
    ],
    [
      0.48000000000000004,
      0.5709090909090909,
      0.6618181818181817,
      0.7527272727272728,
      0.8436363636363636,
      0.9345454545454546,
      1.0254545454545456,
      1.1163636363636364,
      1.2072727272727273,
      1.2981818181818183,
      1.3890909090909094,
      1.4800000000000002,
      1.570909090909091,
      1.6618181818181819,
      1.752727272727273,
      1.8436363636363637,
      1.9345454545454546,
      2.025454545454546,
      2.1163636363636367,
      2.2072727272727275,
      2.2981818181818188,
      2.389090909090909,
      2.48
    ],
    [
      0.48000000000000004,
      0.5709090909090909,
      0.6618181818181817,
      0.7527272727272728,
      0.8436363636363636,
      0.9345454545454546,
      1.0254545454545456,
      1.1163636363636364,
      1.2072727272727273,
      1.2981818181818183,
      1.3890909090909094,
      1.4800000000000002,
      1.570909090909091,
      1.6618181818181819,
      1.752727272727273,
      1.8436363636363637,
      1.9345454545454546,
      2.025454545454546,
      2.1163636363636367,
      2.2072727272727275,
      2.2981818181818188,
      2.389090909090909,
      2.48
    ],
    [
      0.004480863426445411,
      0.0054992414779102775,
      0.006370605555028334,
      0.0075359975808400115,
      0.008554375632304876,
      0.009572753683769742,
      0.01059113173523461,
      0.011609509786699475,
      0.012627887838164344,
      0.013646265889629207,
      0.014333862498813753,
      0.01568302199255894,
      0.016701400044023804,
      0.01733104438955474,
      0.018738156146953545,
      0.019756534198418406,
      0.020319155491202105,
      0.021301712324625997,
      0.022811668352813005,
      0.02329252656057235,
      0.024287933678545533,
      0.025866802507207607,
      0.02688518055867247
    ],
    [
      0.46369150535674686,
      0.556591639926725,
      0.6744603714279954,
      0.7798448044636199,
      0.885229237499244,
      0.9906136705348683,
      1.0959981035704927,
      1.2013825366061168,
      1.2772910229580927,
      1.4121514026773656,
      1.4833057040803654,
      1.622920268748614,
      1.7283047017842383,
      1.7934619508750032,
      1.9390735678554873,
      1.998342406886048,
      2.1498424339267355,
      2.25522686696236,
      2.3073644285694574,
      2.4659957330336084,
      2.5713801660692335,
      2.676764599104857,
      2.7821490321404814
    ],
    [
      0.9229021472870477,
      1.1326526353068311,
      1.3424031233266145,
      1.5521536113463985,
      1.7619040993661819,
      1.9716545873859657,
      2.1814050754057495,
      2.391155563425533,
      2.600906051445316,
      2.810656539465099,
      2.9522775456619152,
      3.159294827778788,
      3.43990800352445,
      3.6496584915442343,
      3.777001670391831,
      4.069159467583802,
      4.278909955603584,
      4.488660443623369,
      4.698410931643152,
      4.798481834865997,
      5.1179119076827195,
      5.327662395702502,
      5.537412883722286
    ],
    [
      1.352601484109505,
      1.696229332221292,
      2.010345875225235,
      2.3244624182291784,
      2.6385789612331214,
      2.952695504237064,
      3.2668120472410074,
      3.5809285902449504,
      3.895045133248893,
      4.209161676252835,
      4.523278219256779,
      4.837394762260722,
      5.151511305264664,
      5.465627848268608,
      5.779744391272551,
      6.093860934276494,
      6.407977477280436,
      6.722094020284381,
      7.036210563288322,
      7.350327106292266,
      7.664443649296211,
