{
  "name": "Ford 7.3L V8 (FT csv + grid 24)",
  "full_throttle_speed_radps": [
    0.0,
    104.71975511965977,
    128.51969946503698,
    152.3196438104142,
    176.11958815579146,
    199.91953250116865,
    223.7194768465459,
    247.5194211919231,
    271.3193655373003,
    295.11930988267756,
    318.91925422805474,
    342.719198573432,
    366.51914291880917,
    390.3190872641864,
    414.11903160956365,
    437.9189759549409,
    461.7189203003181,
    485.51886464569526,
    509.31880899107256,
    533.1187533364497,
    556.918697681827,
    580.7186420272043,
    604.5185863725815,
    628.3185307179587
  ],
  "full_throttle_torque_Nm": [
    0.0,
    565.0391175755402,
    592.1934082081576,
    616.1061089956365,
    637.3252914963819,
    655.4950407380043,
    668.1602751583,
    678.8371152971695,
    685.7924432757703,
    688.0378973671229,
    683.8373089490832,
    677.0024532180353,
    671.5735514525084,
    661.7463293279835,
    647.27485325813,
    628.0363479896438,
    609.8857197535656,
    593.0230683007933,
    575.2373829056198,
    555.20207416447,
    531.7230280531088,
    503.235993229447,
    461.05491133913637,
    0.0
  ],
  "closed_throttle_speed_radps": [
    0.0,
    104.71975511965977,
    366.51914291880917,
    549.7787143782137,
    628.3185307179587
  ],
  "closed_throttle_torque_Nm": [
    -29.2,
    -42.705,
    -98.82374999999999,
    -157.1096875,
    -186.88
  ],
  "fuel_map_speed_radps": [
    0.0,
    104.71975511965977,
    128.51969946503698,
    152.3196438104142,
    176.11958815579146,
    199.91953250116865,
    223.7194768465459,
    247.5194211919231,
    271.3193655373003,
    295.11930988267756,
    318.91925422805474,
    342.719198573432,
    366.51914291880917,
    390.3190872641864,
    414.11903160956365,
    437.9189759549409,
    461.7189203003181,
    485.51886464569526,
    509.31880899107256,
    533.1187533364497,
    556.918697681827,
    580.7186420272043,
    604.5185863725815,
    628.3185307179587
  ],
  "fuel_map_torque_Nm": [
    -186.88,
    -149.43838524261824,
    -111.99677048523647,
    -74.5551557278547,
    -37.11354097047294,
    0.32807378690881706,
    37.7696885442906,
    75.21130330167233,
    112.65291805905412,
    150.0945328164359,
    187.53614757381763,
    224.97776233119941,
    262.4193770885812,
    299.86099184596293,
    337.30260660334466,
    374.74422136072644,
    412.1858361181082,
    449.62745087549,
    487.0690656328718,
    524.5106803902535,
    561.9522951476353,
    599.393909905017,
    636.8355246623988,
    674.2771394197805
  ],
  "fuel_map_gps": [
    [
      0.48000000000000004,
      0.5709090909090909,
      0.6618181818181817,
      0.7527272727272728,
      0.8436363636363636,
      0.9345454545454546,
      1.0254545454545456,
      1.1163636363636364,
      1.2072727272727273,
      1.2981818181818183,
      1.3890909090909094,
      1.4800000000000002,
      1.570909090909091,
      1.6618181818181819,
      1.752727272727273,
      1.8436363636363637,
      1.9345454545454546,
      2.025454545454546,
      2.1163636363636367,
      2.2072727272727275,
      2.2981818181818188,
      2.389090909090909,
      2.48,
      0.0
    ],
    [
      0.48000000000000004,
      0.5709090909090909,
      0.6618181818181817,
      0.7527272727272728,
      0.8436363636363636,
      0.9345454545454546,
      1.0254545454545456,
      1.1163636363636364,
      1.2072727272727273,
      1.2981818181818183,
      1.3890909090909094,
      1.4800000000000002,
      1.570909090909091,
      1.6618181818181819,
      1.752727272727273,
      1.8436363636363637,
      1.9345454545454546,
      2.025454545454546,
      2.1163636363636367,
      2.2072727272727275,
      2.2981818181818188,
      2.389090909090909,
      2.48,
      0.0
    ],
    [
      0.48000000000000004,
      0.5709090909090909,
      0.6618181818181817,
      0.7527272727272728,
      0.8436363636363636,
      0.9345454545454546,
      1.0254545454545456,
      1.1163636363636364,
      1.2072727272727273,
      1.2981818181818183,
      1.3890909090909094,
      1.4800000000000002,
      1.570909090909091,
      1.6618181818181819,
      1.752727272727273,
      1.8436363636363637,
      1.9345454545454546,
      2.025454545454546,
      2.1163636363636367,
      2.2072727272727275,
      2.2981818181818188,
      2.389090909090909,
      2.48,
      0.0
    ],
    [
      0.48000000000000004,
      0.5709090909090909,
      0.6618181818181817,
      0.7527272727272728,
      0.8436363636363636,
      0.9345454545454546,
      1.0254545454545456,
      1.1163636363636364,
      1.2072727272727273,
      1.2981818181818183,
      1.3890909090909094,
      1.4800000000000002,
      1.570909090909091,
      1.6618181818181819,
      1.752727272727273,
      1.8436363636363637,
      1.9345454545454546,
      2.025454545454546,
      2.1163636363636367,
      2.2072727272727275,
      2.2981818181818188,
      2.389090909090909,
      2.48,
      0.0
    ],
    [
      0.48000000000000004,
      0.5709090909090909,
      0.6618181818181817,
      0.7527272727272728,
      0.8436363636363636,
      0.9345454545454546,
      1.0254545454545456,
      1.1163636363636364,
      1.2072727272727273,
      1.2981818181818183,
      1.3890909090909094,
      1.4800000000000002,
      1.570909090909091,
      1.6618181818181819,
      1.752727272727273,
      1.8436363636363637,
      1.9345454545454546,
      2.025454545454546,
      2.1163636363636367,
      2.2072727272727275,
      2.2981818181818188,
      2.389090909090909,
      2.48,
      0.0
    ],
    [
      0.004022928176378309,
      0.004937230034646107,
      0.005719542451720355,
      0.006765833751181703,
      0.0076801356094495,
      0.008594437467717297,
      0.009508739325985097,
      0.010423041184252893,
      0.011337343042520692,
      0.012251644900788488,
      0.0128689705163708,
      0.014080248617324083,
      0.01499455047559188,
      0.01555984643256843,
      0.016823154192127474,
      0.017737456050395273,
      0.018242578576114703,
      0.019124720072939944,
      0.020480361625198666,
      0.020912077089102553,
      0.021805755597183864,
      0.023223267200002066,
      0.024137569058269855,
      0.0
    ],
    [
      0.45325283039353453,
      0.5559320213772266,
      0.6736610662642419,
      0.7789206078680299,
      0.8841801494718176,
      0.9894396910756056,
      1.0946992326793934,
      1.199958774283181,
      1.2757773012429017,
      1.4104778574907566,
      1.481547833701434,
      1.6209969406983322,
      1.7262564823021198,
      1.7913365133266197,
      1.9367755655096957,
      1.9959741648477654,
      2.1472946487172715,
      2.2525541903210597,
      2.357813731924847,
      2.4630732735286354,
      2.5683328151324227,
      2.6735923567362105,
      2.7788518983399983,
      0.0
    ],
    [
      0.9222610379369537,
      1.1074809183321586,
      1.3414706006355688,
      1.551075381984877,
      1.7606801633341844,
      1.970284944683492,
      2.1798897260328,
      2.389494507382107,
      2.599099288731415,
      2.8087040700807226,
      2.9502266968864954,
      3.157100170999901,
      3.4375184141286454,
      3.6471231954779535,
      3.856727976827262,
      4.066332758176568,
      4.182132694051818,
      4.485542320875185,
      4.6951471022244915,
      4.904751883573799,
      5.114356664923108,
      5.323961446272415,
      5.533566227621723,
      0.0
    ],
    [
      1.351884432472389,
      1.6588059462873925,
      2.0092801350068967,
      2.323230156101725,
      2.6371801771965524,
      2.95113019829138,
      3.2650802193862076,
      3.5790302404810355,
      3.8929802615758633,
      4.20693028267069,
      4.5208803037655185,
      4.834830324860345,
      5.148780345955173,
      5.462730367050002,
      5.77668038814483,
      6.090630409239656,
      6.404580430334484,
      6.718530451429313,
