{
  "name": "GT Power Baseline 2020 Ford 7.3L Engine from Argonne Report Tier 3 Fuel",
  "full_throttle_speed_radps": [
    0,
    52.35987755982988,
    104.71975511965977,
    157.89633786087768,
    213.97676129357288,
    259.16778213322823,
    302.7253926101074,
    416.5196499429937,
    451.91020839655323,
    494.9233487176006,
    560.2597643805597,
    588.2727525995876,
    616.2857408186156
  ],
  "full_throttle_torque_Nm": [
    0,
    360.0615808179183,
    468.509198254315,
    555.104542720712,
    584.918341950434,
    599.115388815306,
    600.5350929594659,
    653.064167986474,
    633.188301833326,
    628.929188045028,
    580.659226806318,
    497.7079086911298,
    0
  ],
  "closed_throttle_speed_radps": [
    0,
    60.650191506802955,
    104.71975511965977,
    340.3392041388942,
    471.23889803846896,
    733.0382858376183
  ],
  "closed_throttle_torque_Nm": [
    -58.16720000000001,
    -59.342418368830536,
    -73.09483899481441,
    -104.7632754822869,
    -115.17343884571348,
    -123.76102372227928
  ],
  "fuel_map_speed_radps": [
    0,
    30.325095753401477,
    60.650191506802955,
    83.7758040957278,
    104.71975511965977,
    130.89969389957471,
    157.07963267948966,
    183.25957145940458,
    209.43951023931953,
    235.61944901923448,
    261.79938779914943,
    287.9793265790644,
    314.1592653589793,
    340.3392041388942,
    366.51914291880917,
    392.6990816987241,
    415.21382904945096,
    443.22636354395996,
    471.23889803846896,
    497.4188368183839,
    523.5987755982989,
    569.9422582084572,
    616.2857408186156
  ],
  "fuel_map_torque_Nm": [
    -166.10139000000004,
    -53.78117002402853,
    58.53904995194297,
    87.47637355921466,
    116.41369716648636,
    145.29274199485508,
    174.17178682322378,
    203.40355987891314,
    232.63533293460253,
    260.6923954508551,
    288.7494579671076,
    319.0307664148057,
    349.31207486250383,
    378.55062583152096,
    407.78917680053814,
    437.50503338313047,
    467.2208899657228,
    495.2675961513282,
    523.3143023369336,
    604.5158393613656,
    685.7173763857977
  ],
  "fuel_map_gps": [
    [
      -0.09984669876082833,
      -0.35633784259234147,
      -0.471117706508443,
      -0.5237174734467794,
      -0.5712570765733108,
      -0.630460193605199,
      -0.6892145337978357,
      -0.7473645694954948,
      -0.804858266399573,
      -0.8617431943422049,
      -0.9181449890286227,
      -0.974242217372255,
      -1.0302362667565486,
      -1.086314636004639,
      -1.1426335251307815,
      -1.1993080253132475,
      -1.2483665262553463,
      -1.3098663090449811,
      -1.3719537391464975,
      -1.4304581674112327,
      -1.4893238914773235,
      -1.5943786810111689,
      -1.6999086985352476
    ],
    [
      -0.01493457076737506,
      -0.009708125091245091,
      0.032167476286703384,
      0.06728152112777894,
      0.10233508728638892,
      0.15182552337953326,
      0.20900808978494595,
      0.27406719407257507,
      0.3480127647707252,
      0.4316806160299694,
      0.5257351202972931,
      0.6306108247240627,
      0.7465173536539964,
      0.8730113038743802,
      1.0091121353316923,
      1.15346538180342,
      1.2826083498948573,
      1.4489101631815102,
      1.6212972742221914,
      1.7871186666410086,
      1.95638767072238,
      2.2640323714543755,
      2.5766748328756752
    ],
    [
      0.20504858032064538,
      0.37249645618171345,
      0.5267424354161456,
      0.6190575966226793,
      0.7417547122243767,
      0.9477896923747522,
      1.1782534508180806,
      1.3638526976585814,
      1.5544568190129027,
      1.7614286834093393,
      1.9852758700313768,
      2.2259327857934252,
      2.501792039112052,
      2.804126137784274,
      3.1316255402762576,
      3.484768378639073,
      3.7956627049802107,
      4.1763317461311855,
      4.57675849562458,
      4.987551542823247,
      5.414071460736154,
      6.153188333782083,
      6.886471263180066
    ],
    [
      0.19498380318264602,
      0.40034580398616215,
      0.6101694876684851,
      0.7790743418852245,
      0.9473112455772927,
      1.180003216189367,
      1.4241669673595754,
      1.6588286963965817,
      1.8881761659109535,
      2.12665686069467,
      2.3856249104250735,
      2.672420365558825,
      2.987182140612896,
      3.3240937574040528,
      3.681682506348541,
      4.0635653601372885,
      4.411391100093601,
      4.866675890492994,
      5.347679902164525,
      5.818316062347044,
      6.297859126071622,
      7.139485125513253,
      7.967999306347516
    ],
    [
      0.1912298526125408,
      0.44075727025336087,
      0.6989254977810017,
      0.915162083484003,
      1.1261442299780124,
      1.4005206001181842,
      1.690131967358954,
      1.9571458920102252,
      2.2185728950308747,
      2.4893331926014897,
      2.7861235298946365,
      3.121257139116631,
      3.486943128449086,
      3.863923336092288,
      4.252198079198474,
      4.666632938476765,
      5.058629319418815,
      5.577962319084452,
      6.122431926533821,
      6.656534647821513,
      7.196584752251271,
      8.126743252983095,
      9.045094176325797
    ],
    [
      0.205250529399321,
      0.5077217597965309,
      0.8142050345498354,
      1.0604282501121616,
      1.2962059104263848,
      1.6061027724153383,
      1.9216033082788426,
      2.228653873674526,
      2.53435544219783,
      2.8543279724442687,
      3.202944117452789,
      3.5855223145152957,
      3.995984147913757,
      4.423437609235978,
      4.866904861083828,
      5.335551579499915,
      5.764451195718923,
      6.330654694605871,
      6.9288747640244255,
      7.507635925138965,
      8.092598215370778,
      9.112141794987044,
      10.120027489027105
    ],
    [
      0.2340431202588479,
      0.5916053226006184,
      0.9403326568268948,
      1.1980155021707979,
      1.4588391624120698,
      1.8069605898687877,
      2.1649713558886052,
      2.506053578077508,
      2.8536988891631707,
      3.2221557433461245,
      3.623951567134866,
      4.059683271901994,
      4.523478431926446,
      5.007920998188943,
      5.50418702054169,
      6.02105673911737,
      6.492917305717656,
      7.103541677799095,
      7.745913694094881,
      8.368184221141764,
      9.002187166551423,
      10.102518037206263,
      11.202979999980535
    ],
    [
      0.2684425068065376,
      0.6617459843190656,
      1.0529606974458035,
      1.3558003193544628,
      1.642386102760168,
      2.0180436962231787,
      2.406127393219068,
      2.799412954582773,
      3.2021943735183065,
      3.624460048029098,
      4.075942865302064,
      4.557729326747801,
      5.067097770789202,
      5.5988521275662535,
      6.147981530453695,
      6.7171942926009685,
      7.226833712556045,
      7.8869269337982235,
      8.57576911007305,
      9.239801953998843,
      9.914248200243614,
      11.115916449996718,
      12.319233260315755
    ],
    [
      0.31348854461177017,
      0.7395032790327717,
      1.169764366142546,
      1.5007915405082404,
      1.8233033705546577,
      2.2402152594482603,
      2.670543542189173,
      3.1151430825424558,
      3.5682516525756145,
      4.036418897673792,
      4.539873543796952,
      5.065656718604522,
      5.618762898818414,
      6.199269587982868,
      6.796646348968465,
      7.411275193794662,
      7.966531508932516,
      8.68124476449399,
      9.419885046532979,
      10.132455910967055,
      10.855481015461677,
      12.15793435238804,
      13.467910459716993
    ],
    [
      0.37481320970204957,
      0.8304361679050267,
      1.2883995013726974,
      1.6502457972733326,
      2.001626913275074,
      2.4612433824712556,
      2.938623903074449,
      3.4311703855612317,
      3.9291548584799325,
      4.4467359693514315,
      4.994111168891743,
      5.561687243239703,
      6.153519762830219,
      6.772527284037685,
      7.418372128180407,
