{
  "name": "2016 Mazda 2.5L Turbo Skyactiv-G Engine Tier 2 Fuel",
  "full_throttle_speed_radps": [
    0,
    102.73007977238623,
    130.89969389957471,
    157.20517738591153,
    183.37577660702124,
    209.59980751810605,
    235.81431413056538,
    418.87902047863906,
    523.5987755982989,
    549.7787143782139,
    575.9586531581288
  ],
  "full_throttle_torque_Nm": [
    0,
    195.839,
    350,
    403.4005681818182,
    434.5258064516127,
    432.7977653631283,
    441.64175257731904,
    391,
    356,
    305.14285714285717,
    0
  ],
  "closed_throttle_speed_radps": [
    0,
    102.73007977238623,
    366.62386267392884,
    523.7034953534185,
    575.9586531581288
  ],
  "closed_throttle_torque_Nm": [
    -20.500287313432832,
    -24.855,
    -33,
    -42.7,
    -44.91508830845771
  ],
  "fuel_map_speed_radps": [
    0,
    36.46210973572654,
    72.92421947145309,
    80.47713180945853,
    85.97491895324067,
    105.61717906760384,
    135.09662111236028,
    157.17662022004083,
    183.36243364702915,
    209.5476130143054,
    235.71933488390283,
    261.91335693615827,
    288.0870445864395,
    314.26824365002466,
    340.4613442031492,
    366.6544447562738,
    392.8375509272146,
    419.02065709815537,
    445.19434877775166,
    471.3680404573479,
    497.5357679053832,
    523.7034953534185,
    549.8310742557736,
    575.9586531581288
  ],
  "fuel_map_torque_Nm": [
    -47.1608427238806,
    -30.113678571428572,
    -4.314,
    9.003651515151514,
    27.49709183673469,
    39.228833333333334,
    60.829825,
    90.16148333333334,
    110.94227272727272,
    126.44800000000001,
    136.05,
    158.96341666666666,
    174.88079295935484,
    190.79816925204304,
    206.6106157245929,
    222.42306219714277,
    243.72949607843137,
    257.13510052809056,
    280.6584162361705,
    296.14482177270696,
    311.6312273092434,
    323.9859649122811,
    344.71489121727194,
    369.1180896181454,
    393.5212880190188,
    417.7119906732128,
    434.45774472718256,
    463.723840206185
  ],
  "fuel_map_gps": [
    [
      0.10009878695451595,
      0.005842973926422838,
      0,
      0,
      0,
      0,
      0,
      0,
      0,
      0,
      0,
      0,
      0,
      0,
      0,
      0,
      0,
      0,
      0,
      0,
      0,
      0,
      0,
      0
    ],
    [
      0.0929442708013025,
      0.052179848060085264,
      0.008212688269107331,
      0,
      0,
      0,
      0,
      0,
      0,
      0,
      0,
      0,
      0.007928012197095952,
      0.02003213585333331,
      0.03859970963187878,
      0.065852550800381,
      0.11237229161886694,
      0.16648793953207588,
      0.2254378956952034,
      0.2859743471197522,
      0.35429553839841504,
      0.424324839564792,
      0.49416570601372634,
      0.5636080818587524
    ],
    [
      0.07791955136763166,
      0.11013804201819388,
      0.1439476306717451,
      0.14921703930942498,
      0.15310341702500735,
      0.167491239922524,
      0.2024598428590374,
      0.24016928873870638,
      0.27148453065165645,
      0.31204534594400285,
      0.36425911900962377,
      0.433308782157267,
      0.49236400919279866,
      0.5276593799242907,
      0.571913194062459,
      0.6419875667914308,
      0.7370609728853699,
      0.8507555018191605,
      0.9503494714891458,
      1.061259701464435,
      1.1544865529672408,
      1.2591108835844926,
      1.3413041626763496,
      1.4266053956660565
    ],
    [
      0.06740686610948568,
      0.1285687781052907,
      0.1838461196959883,
      0.196594882524777,
      0.20585518326389002,
      0.238742247412728,
      0.296708493909419,
      0.34706885467467424,
      0.40044855071923424,
      0.46143800902540205,
      0.5289138694029454,
      0.6036510052157582,
      0.68038970353438,
      0.7473425580462774,
      0.8197674460896148,
      0.9114320862994599,
      1.0224311965626505,
      1.144846170690749,
      1.2626475487704034,
      1.3802560975959093,
      1.5060545745329919,
      1.6247922152866003,
      1.7471822674895385,
      1.8630413569915836
    ],
    [
      0.04940610571091225,
      0.15181720822043188,
      0.2478999841102195,
      0.26689961655123345,
      0.28073267927441353,
      0.33078123779355995,
      0.41551230724840366,
      0.48354764299411995,
      0.5636338523415652,
      0.6505497833559458,
      0.7413630477749328,
      0.8295384525360595,
      0.923062443843941,
      1.0282620395173117,
      1.1450901787533698,
      1.2662458924290607,
      1.397241750717494,
      1.5308067050867202,
      1.6729191405805406,
      1.8162222915499893,
      1.9809487424424945,
      2.144321365396536,
      2.3011599396013827,
      2.455264204343567
    ],
    [
      0.03658001333525444,
      0.16567071257207636,
      0.28904142391165905,
      0.31298403242549555,
      0.3304442608122507,
      0.39355238107585816,
      0.49366699393323826,
      0.5732527828688736,
      0.6716045262222533,
      0.7771733402008405,
      0.8823906601364453,
      0.9859662777477896,
      1.0966064446916426,
      1.2204592733969184,
      1.3564613264190823,
      1.4943294259661963,
      1.6394752051623767,
      1.7855193199043151,
      1.9433167392234099,
      2.1072489072499088,
      2.288213185855054,
      2.471394731805365,
      2.6489055068592515,
      2.8238307653836143
    ],
    [
      0.0124681290390787,
      0.1896581978727346,
      0.3625610648797722,
      0.39758525413605733,
      0.42302511554909095,
      0.5131372837961047,
      0.6433738526182918,
      0.7451738934059033,
      0.8788070750007736,
      1.01777321254725,
      1.1599096813993708,
      1.3006654062595138,
      1.4456675236058076,
      1.6020659673345978,
      1.7648985925853413,
      1.9326642745236546,
      2.1042760151836384,
      2.2820104135850494,
      2.4661716962180567,
      2.662860682357098,
      2.866712717002175,
      3.076717101913233,
      3.284463940274282,
      3.490720514994412
    ],
    [
      0.0035969021132774086,
      0.23762863373742232,
      0.47212923729366074,
      0.5204801859440862,
      0.5556539373276651,
      0.6809611995294063,
      0.8657604454159513,
      1.0065798103519281,
      1.1737776582048716,
      1.3478113087072305,
      1.5354343223904503,
      1.728230312756987,
      1.926980375235609,
      2.1305983118858536,
      2.324858805860351,
      2.5265617969117535,
      2.7325700984310908,
      2.9491392866230957,
      3.159832408568286,
      3.389613695058242,
      3.6412603353484077,
      3.9070744659751555,
      4.154441134369749,
      4.400781609725463
    ],
    [
      0.044319762635697625,
      0.30410667327725127,
      0.5677599434061988,
      0.6230271404249494,
      0.6632889630877639,
      0.80735723401337,
      1.0203699905449075,
      1.1778680432728217,
      1.3709819350549002,
      1.558531010020836,
      1.7685180556731757,
      1.9896568294722081,
      2.2137096276265558,
      2.4473719445797215,
      2.671116371531894,
      2.894704638719157,
      3.1289311252237537,
      3.37196711173599,
      3.620476619832237,
      3.8813629748344662,
      4.177566948466589,
      4.4809543917465025,
      4.789573344000963,
      5.096608407235076
    ],
    [
      0.10137753741901871,
      0.37425649794629684,
      0.6507509020085785,
      0.7091332901315432,
      0.7517174279227198,
      0.9050882379181887,
      1.1407442907042822,
      1.3089874169684559,
      1.5113347840944495,
      1.7154713838412903,
      1.939973964054915,
      2.1779362262638484,
      2.4230689701457786,
      2.6832217126759983,
      2.9284801892027708,
      3.1722147429814362,
      3.430839833823873,
      3.7009652593959816,
      3.9840045715317394,
      4.289702471692979,
      4.612992851381144,
      4.954058196782673,
      5.301877321614795,
      5.650830916863364
    ],
    [
      0.14606665934457752,
      0.42543070183613724,
      0.7079893746305835,
